choice1,choice2,choice4,count
28,5,17,2
26,35,40,2
63,35,67,2
66,61,9,2
1,3,52,1
1,7,61,1
1,9,61,1
1,11,64,1
1,27,28,1
1,30,57,1
1,32,36,1
1,36,59,1
1,38,25,1
1,38,53,1
69,24,38,1
69,30,2,1
69,31,62,1
69,34,48,1
69,35,23,1
69,35,59,1
69,39,56,1
69,41,64,1
69,43,53,1
69,46,57,1
69,50,43,1
69,55,5,1
69,56,47,1
69,65,13,1
69,66,3,1
1,42,29,1
2,13,15,1
2,15,68,1
2,16,33,1
2,18,56,1
2,20,32,1
2,22,32,1
2,26,16,1
2,32,48,1
2,34,21,1
2,34,65,1
2,38,54,1
2,40,69,1
2,41,36,1
2,47,36,1
2,47,51,1
2,48,41,1
2,49,14,1
2,55,45,1
2,60,38,1
2,60,43,1
2,61,11,1
2,61,63,1
2,62,11,1
2,64,33,1
2,64,39,1
2,65,68,1
2,68,35,1
3,8,69,1
3,9,33,1
3,11,40,1
3,13,7,1
3,15,64,1
3,28,1,1
3,28,30,1
3,28,37,1
3,28,48,1
3,33,1,1
3,33,51,1
3,34,9,1
3,35,22,1
3,38,55,1
3,41,56,1
3,45,56,1
3,54,52,1
3,58,47,1
3,65,27,1
3,66,67,1
3,68,43,1
3,69,39,1
4,9,3,1
4,11,50,1
4,13,69,1
4,15,17,1
4,17,43,1
4,17,64,1
4,23,37,1
4,33,8,1
4,35,14,1
4,35,33,1
4,38,48,1
4,39,22,1
4,40,37,1
4,41,29,1
4,43,17,1
4,45,44,1
4,45,50,1
4,56,61,1
4,57,65,1
4,64,17,1
4,64,60,1
4,67,7,1
5,1,3,1
5,6,52,1
5,6,64,1
5,8,35,1
5,11,22,1
5,12,56,1
5,13,58,1
5,23,66,1
5,24,31,1
5,28,53,1
5,34,33,1
5,38,34,1
5,38,42,1
5,38,51,1
5,41,61,1
5,42,2,1
5,46,67,1
5,54,50,1
5,55,28,1
5,56,4,1
5,61,50,1
5,63,61,1
5,68,29,1
5,68,67,1
6,1,60,1
6,3,23,1
6,7,46,1
6,8,63,1
6,15,19,1
6,19,9,1
6,22,68,1
6,23,60,1
6,27,45,1
6,27,48,1
6,27,61,1
6,29,23,1
6,34,24,1
6,36,1,1
6,36,9,1
6,38,29,1
6,38,55,1
6,40,2,1
6,42,45,1
6,44,29,1
6,44,39,1
6,48,31,1
6,49,44,1
6,52,60,1
6,67,51,1
7,4,47,1
7,14,69,1
7,17,25,1
7,28,68,1
7,29,9,1
7,29,37,1
7,29,62,1
7,31,9,1
7,34,1,1
7,35,24,1
7,36,43,1
7,40,55,1
7,42,22,1
7,47,6,1
7,49,3,1
7,50,2,1
7,55,29,1
7,59,52,1
7,62,13,1
7,64,32,1
7,65,48,1
7,65,55,1
7,67,40,1
7,68,51,1
7,69,9,1
8,1,60,1
8,4,33,1
8,5,2,1
8,7,59,1
8,9,30,1
8,11,37,1
8,12,51,1
8,13,7,1
8,14,55,1
8,19,34,1
8,20,55,1
8,21,25,1
8,24,14,1
8,24,23,1
8,27,23,1
8,30,20,1
8,30,23,1
8,36,45,1
8,38,25,1
8,48,45,1
8,50,24,1
8,50,25,1
8,52,62,1
8,54,24,1
8,58,15,1
8,60,45,1
8,62,45,1
8,68,56,1
8,69,52,1
9,6,43,1
9,8,42,1
9,8,48,1
9,16,25,1
9,18,42,1
9,21,65,1
9,22,61,1
9,24,23,1
9,25,43,1
9,27,12,1
9,27,14,1
9,36,46,1
9,39,13,1
9,47,40,1
9,48,56,1
9,49,7,1
9,54,10,1
9,55,32,1
9,56,52,1
9,58,26,1
9,61,16,1
9,61,28,1
9,61,30,1
9,62,20,1
9,62,22,1
9,65,20,1
10,6,55,1
10,7,38,1
10,8,28,1
10,11,8,1
10,12,48,1
10,13,5,1
10,13,48,1
10,15,12,1
10,19,66,1
10,21,15,1
10,30,48,1
10,31,62,1
10,32,26,1
10,33,30,1
10,41,27,1
10,42,40,1
10,49,20,1
10,50,6,1
10,50,67,1
10,51,20,1
10,52,20,1
10,53,15,1
10,61,55,1
10,67,2,1
10,69,1,1
11,2,13,1
11,5,9,1
11,6,49,1
11,7,26,1
11,9,27,1
11,12,19,1
11,14,56,1
11,18,54,1
11,19,44,1
11,25,47,1
11,25,54,1
11,25,69,1
11,27,50,1
11,28,35,1
11,30,69,1
11,31,38,1
11,33,32,1
11,35,18,1
11,40,46,1
11,41,18,1
11,43,64,1
11,45,6,1
11,53,19,1
11,57,17,1
11,60,31,1
11,61,12,1
11,62,2,1
11,63,29,1
11,63,55,1
12,1,53,1
12,2,27,1
12,2,46,1
12,2,51,1
12,4,23,1
12,4,31,1
12,6,24,1
12,7,38,1
12,11,32,1
12,11,40,1
12,13,30,1
12,14,36,1
12,14,37,1
12,14,60,1
12,14,69,1
12,17,33,1
12,17,39,1
12,24,11,1
12,28,15,1
12,30,60,1
12,32,63,1
12,36,13,1
12,37,45,1
12,37,48,1
12,38,59,1
12,42,18,1
12,42,22,1
12,44,38,1
12,54,1,1
12,55,52,1
12,56,35,1
12,59,62,1
12,64,8,1
12,64,29,1
12,66,44,1
12,67,57,1
13,2,34,1
13,6,3,1
13,11,27,1
13,11,31,1
13,12,21,1
13,12,31,1
13,12,62,1
13,16,39,1
13,17,57,1
13,18,15,1
13,18,43,1
13,20,5,1
13,22,5,1
13,23,37,1
13,25,49,1
13,32,38,1
13,32,65,1
13,36,67,1
13,37,45,1
13,40,5,1
13,43,42,1
13,46,12,1
13,46,22,1
13,47,17,1
13,51,22,1
13,54,45,1
13,56,38,1
13,59,6,1
13,59,44,1
13,61,9,1
13,63,37,1
13,64,68,1
13,67,47,1
13,68,28,1
14,5,29,1
14,7,63,1
14,9,3,1
14,18,59,1
14,19,16,1
14,21,2,1
14,33,34,1
14,34,69,1
14,36,26,1
14,40,67,1
14,42,51,1
14,46,45,1
14,46,51,1
14,52,12,1
14,54,52,1
14,59,22,1
14,59,46,1
14,60,19,1
14,61,4,1
14,62,50,1
14,68,53,1
14,69,67,1
15,7,6,1
15,14,48,1
15,16,17,1
15,22,29,1
15,24,45,1
15,25,5,1
15,28,57,1
15,29,38,1
15,33,43,1
15,34,54,1
15,35,34,1
15,35,54,1
15,37,51,1
15,45,60,1
15,48,67,1
15,52,66,1
15,53,1,1
15,55,64,1
15,57,55,1
15,62,48,1
15,69,31,1
16,3,46,1
16,3,61,1
16,10,24,1
16,11,3,1
16,14,11,1
16,14,42,1
16,21,57,1
16,22,67,1
16,26,25,1
16,28,2,1
16,29,28,1
16,32,8,1
16,32,46,1
16,32,49,1
16,41,47,1
16,43,17,1
16,44,22,1
16,46,55,1
16,47,53,1
16,49,53,1
16,50,11,1
16,51,14,1
16,55,44,1
16,57,23,1
16,59,33,1
16,60,7,1
16,64,49,1
17,2,22,1
17,2,41,1
17,8,45,1
17,12,41,1
17,13,1,1
17,13,22,1
17,19,57,1
17,24,27,1
17,27,62,1
17,29,68,1
17,30,39,1
17,33,18,1
17,36,42,1
17,52,44,1
17,53,14,1
17,56,2,1
17,57,42,1
17,59,38,1
17,61,34,1
17,64,65,1
17,67,46,1
17,67,52,1
17,68,10,1
17,68,40,1
18,1,23,1
18,1,24,1
18,5,6,1
18,9,36,1
18,9,68,1
18,14,65,1
18,19,35,1
18,19,55,1
18,21,26,1
18,21,60,1
18,22,17,1
18,22,37,1
18,26,61,1
18,29,58,1
18,30,48,1
18,31,29,1
18,34,4,1
18,34,59,1
18,38,7,1
18,39,26,1
18,40,6,1
18,43,5,1
18,45,59,1
18,50,53,1
18,51,69,1
18,52,57,1
18,55,28,1
18,66,35,1
19,7,44,1
19,9,56,1
19,10,35,1
19,13,4,1
19,16,32,1
19,21,11,1
19,25,29,1
19,28,22,1
19,29,68,1
19,35,68,1
19,37,54,1
19,38,53,1
19,39,42,1
19,42,24,1
19,43,13,1
19,43,45,1
19,46,36,1
19,49,4,1
19,49,5,1
19,57,6,1
19,59,21,1
19,61,4,1
19,62,67,1
19,63,59,1
19,67,50,1
20,1,44,1
20,3,33,1
20,4,68,1
20,7,68,1
20,10,13,1
20,12,42,1
20,16,21,1
20,18,52,1
20,21,7,1
20,23,12,1
20,23,21,1
20,26,43,1
20,27,7,1
20,30,59,1
20,31,37,1
20,32,40,1
20,32,63,1
20,35,47,1
20,36,37,1
20,39,57,1
20,40,55,1
20,40,64,1
20,46,30,1
20,52,22,1
20,56,36,1
20,60,15,1
20,65,6,1
20,65,42,1
21,2,56,1
21,6,64,1
21,7,47,1
21,8,40,1
21,15,29,1
21,16,39,1
21,20,3,1
21,24,25,1
21,27,39,1
21,27,41,1
21,28,11,1
21,28,39,1
21,28,66,1
21,29,20,1
21,29,40,1
21,35,34,1
21,36,13,1
21,38,57,1
21,39,25,1
21,40,52,1
21,42,11,1
21,43,35,1
21,45,22,1
21,46,23,1
21,47,20,1
21,49,53,1
21,51,24,1
21,52,38,1
21,53,27,1
21,53,69,1
21,59,13,1
22,1,16,1
22,1,21,1
22,1,47,1
22,1,63,1
22,6,67,1
22,8,45,1
22,19,49,1
22,20,17,1
22,24,42,1
22,31,51,1
22,33,62,1
22,37,25,1
22,43,49,1
22,56,26,1
22,59,67,1
22,60,65,1
22,61,26,1
22,62,53,1
22,63,57,1
22,64,20,1
22,65,14,1
22,67,7,1
22,69,51,1
22,69,61,1
23,1,16,1
23,2,37,1
23,3,33,1
23,3,69,1
23,4,32,1
23,5,64,1
23,7,22,1
23,8,24,1
23,8,29,1
23,12,20,1
23,13,30,1
23,18,59,1
23,18,61,1
23,19,8,1
23,19,37,1
23,20,25,1
23,28,2,1
23,30,69,1
23,31,53,1
23,31,67,1
23,38,18,1
23,43,65,1
23,45,46,1
23,46,28,1
23,46,58,1
23,49,52,1
23,51,66,1
23,62,28,1
23,65,54,1
23,67,13,1
24,2,55,1
24,6,45,1
24,9,1,1
24,10,6,1
24,11,49,1
24,12,26,1
24,15,27,1
24,15,48,1
24,17,61,1
24,20,22,1
24,22,19,1
24,23,22,1
24,23,28,1
24,25,51,1
24,26,7,1
24,31,46,1
24,33,8,1
24,35,14,1
24,38,2,1
24,38,57,1
24,39,54,1
24,40,23,1
24,45,3,1
24,52,65,1
24,55,44,1
24,56,48,1
24,56,52,1
24,56,68,1
24,58,37,1
24,61,26,1
24,61,37,1
24,69,61,1
25,5,6,1
25,5,60,1
25,7,44,1
25,8,23,1
25,10,1,1
25,14,12,1
25,15,13,1
25,15,45,1
25,16,51,1
25,16,57,1
25,18,64,1
25,20,38,1
25,20,62,1
25,22,26,1
25,22,68,1
25,26,16,1
25,28,37,1
25,29,47,1
25,29,69,1
25,31,13,1
25,32,23,1
25,33,54,1
25,41,65,1
25,47,17,1
25,47,32,1
25,47,67,1
25,51,50,1
25,53,37,1
25,57,29,1
25,61,48,1
25,62,63,1
25,64,9,1
25,65,52,1
25,66,49,1
25,67,5,1
25,69,64,1
26,2,16,1
26,2,65,1
26,4,61,1
26,5,55,1
26,7,5,1
26,8,66,1
26,11,59,1
26,15,50,1
26,18,4,1
26,19,9,1
26,22,69,1
26,23,14,1
26,23,27,1
26,29,33,1
26,29,66,1
26,30,18,1
26,31,9,1
26,32,22,1
26,33,56,1
26,41,43,1
26,42,40,1
26,44,37,1
26,46,58,1
26,50,34,1
26,55,18,1
26,56,55,1
26,56,63,1
26,57,52,1
26,59,41,1
26,65,22,1
27,1,50,1
27,2,44,1
27,4,32,1
27,8,52,1
27,9,69,1
27,12,24,1
27,14,20,1
27,16,30,1
27,16,50,1
27,17,67,1
27,19,25,1
27,19,29,1
27,32,37,1
27,35,37,1
27,38,42,1
27,40,49,1
27,46,69,1
27,52,60,1
27,53,1,1
27,58,33,1
27,58,37,1
27,64,44,1
27,65,6,1
27,65,54,1
27,68,59,1
27,68,61,1
28,6,46,1
28,11,52,1
28,15,54,1
28,19,16,1
28,21,27,1
28,21,36,1
28,26,37,1
28,29,13,1
28,29,64,1
28,36,45,1
28,37,26,1
28,38,44,1
28,40,39,1
28,40,57,1
28,43,18,1
28,45,64,1
28,46,5,1
28,46,60,1
28,48,58,1
28,53,61,1
28,54,35,1
28,58,24,1
28,59,3,1
28,59,4,1
28,62,29,1
28,62,63,1
28,64,2,1
28,67,17,1
29,3,28,1
29,5,22,1
29,9,24,1
29,11,51,1
29,15,5,1
29,15,66,1
29,19,57,1
29,21,63,1
29,25,52,1
29,26,34,1
29,30,49,1
29,32,16,1
29,33,5,1
29,35,4,1
29,36,55,1
29,37,53,1
29,39,33,1
29,40,6,1
29,41,17,1
29,42,28,1
29,44,15,1
29,45,40,1
29,45,62,1
29,48,41,1
29,51,2,1
29,53,12,1
29,56,34,1
29,60,15,1
29,60,41,1
29,61,20,1
29,63,12,1
30,1,42,1
30,4,21,1
30,8,6,1
30,9,23,1
30,10,62,1
30,12,46,1
30,15,13,1
30,21,18,1
30,23,4,1
30,24,47,1
30,27,3,1
30,28,60,1
30,32,35,1
30,32,56,1
30,41,19,1
30,46,40,1
30,49,15,1
30,54,10,1
30,56,62,1
30,57,62,1
30,58,12,1
30,58,15,1
30,59,21,1
30,61,28,1
30,63,28,1
30,65,16,1
30,66,2,1
30,68,38,1
31,5,13,1
31,8,7,1
31,9,48,1
31,10,45,1
31,13,16,1
31,13,24,1
31,17,52,1
31,19,8,1
31,22,36,1
31,25,10,1
31,26,5,1
31,27,5,1
31,28,65,1
31,30,54,1
31,32,10,1
31,32,60,1
31,40,7,1
31,41,4,1
31,41,24,1
31,43,65,1
31,45,24,1
31,47,46,1
31,50,34,1
31,58,18,1
31,58,45,1
31,60,39,1
31,64,28,1
31,68,13,1
32,3,26,1
32,6,1,1
32,10,18,1
32,10,21,1
32,10,31,1
32,12,39,1
32,14,58,1
32,15,46,1
32,17,13,1
32,17,28,1
32,18,23,1
32,19,22,1
32,21,15,1
32,22,20,1
32,23,14,1
32,23,44,1
32,24,7,1
32,25,24,1
32,26,39,1
32,26,67,1
32,31,5,1
32,35,61,1
32,37,30,1
32,38,26,1
32,40,63,1
32,40,65,1
32,41,42,1
32,41,57,1
32,42,3,1
32,46,28,1
32,46,66,1
32,49,31,1
32,49,40,1
32,51,56,1
32,53,4,1
32,54,24,1
32,57,17,1
32,59,14,1
32,59,16,1
32,61,21,1
32,63,35,1
32,69,26,1
32,69,51,1
33,2,37,1
33,4,27,1
33,8,68,1
33,9,56,1
33,14,12,1
33,18,2,1
33,21,57,1
33,22,32,1
33,24,28,1
33,27,18,1
33,37,9,1
33,38,24,1
33,39,60,1
33,41,11,1
33,45,32,1
33,49,14,1
33,53,4,1
33,53,62,1
33,54,46,1
33,57,8,1
33,57,50,1
33,60,43,1
33,64,62,1
33,65,32,1
33,66,10,1
33,66,15,1
33,68,13,1
33,68,18,1
34,2,21,1
34,4,56,1
34,8,6,1
34,9,11,1
34,9,12,1
34,13,19,1
34,14,56,1
34,17,33,1
34,24,6,1
34,25,53,1
34,26,21,1
34,28,9,1
34,32,54,1
34,35,51,1
34,35,67,1
34,36,38,1
34,38,42,1
34,43,57,1
34,44,26,1
34,45,42,1
34,57,55,1
34,59,31,1
34,61,8,1
34,63,50,1
34,66,21,1
34,66,47,1
34,67,31,1
34,68,58,1
35,1,67,1
35,3,66,1
35,5,17,1
35,6,2,1
35,10,53,1
35,11,53,1
35,14,43,1
35,19,57,1
35,23,32,1
35,23,63,1
35,27,40,1
35,28,15,1
35,28,65,1
35,32,8,1
35,36,30,1
35,38,11,1
35,44,4,1
35,44,26,1
35,48,53,1
35,49,48,1
35,57,51,1
35,58,19,1
35,59,50,1
35,61,49,1
35,66,40,1
35,69,12,1
36,1,28,1
36,4,34,1
36,10,65,1
36,11,18,1
36,14,64,1
36,15,62,1
36,16,24,1
36,21,24,1
36,21,47,1
36,22,39,1
36,22,56,1
36,24,50,1
36,27,64,1
36,27,65,1
36,40,9,1
36,40,32,1
36,42,16,1
36,43,63,1
36,44,8,1
36,47,68,1
36,48,7,1
36,49,9,1
36,50,64,1
36,51,63,1
36,52,43,1
36,55,40,1
36,55,46,1
36,59,1,1
36,59,26,1
36,60,41,1
36,65,4,1
36,67,42,1
36,67,69,1
36,68,14,1
36,68,47,1
37,1,61,1
37,2,3,1
37,5,1,1
37,5,18,1
37,10,23,1
37,11,19,1
37,12,62,1
37,16,9,1
37,16,48,1
37,16,50,1
37,17,60,1
37,19,11,1
37,23,35,1
37,23,45,1
37,24,52,1
37,27,38,1
37,30,69,1
37,40,59,1
37,44,9,1
37,45,51,1
37,47,48,1
37,48,49,1
37,51,64,1
37,52,48,1
37,53,6,1
37,55,14,1
37,56,9,1
37,56,50,1
37,57,46,1
37,65,69,1
37,67,7,1
37,67,21,1
37,68,65,1
38,2,55,1
38,4,39,1
38,5,51,1
38,6,51,1
38,7,44,1
38,8,1,1
38,8,42,1
38,9,1,1
38,9,8,1
38,10,43,1
38,13,32,1
38,14,57,1
38,15,58,1
38,18,12,1
38,20,12,1
38,23,42,1
38,32,40,1
38,32,47,1
38,37,13,1
38,41,25,1
38,43,56,1
38,46,50,1
38,47,66,1
38,48,53,1
38,53,13,1
38,57,40,1
38,59,33,1
38,60,26,1
38,64,58,1
38,66,4,1
38,68,34,1
38,68,56,1
38,69,13,1
38,69,36,1
38,69,53,1
39,4,23,1
39,5,12,1
39,11,22,1
39,13,43,1
39,13,62,1
39,16,1,1
39,16,6,1
39,18,64,1
39,21,63,1
39,24,48,1
39,28,11,1
39,28,16,1
39,29,65,1
39,29,66,1
39,31,13,1
39,32,18,1
39,34,43,1
39,35,62,1
39,35,65,1
39,36,59,1
39,37,29,1
39,38,3,1
39,44,16,1
39,44,41,1
39,48,64,1
39,52,23,1
39,54,59,1
39,61,30,1
39,62,34,1
39,64,16,1
39,65,69,1
40,1,16,1
40,2,32,1
40,4,19,1
40,5,9,1
40,10,11,1
40,15,3,1
40,18,60,1
40,20,52,1
40,21,1,1
40,21,69,1
40,26,33,1
40,31,25,1
40,31,65,1
40,32,61,1
40,33,5,1
40,38,25,1
40,42,55,1
40,46,28,1
40,47,52,1
40,48,22,1
40,49,11,1
40,50,22,1
40,50,54,1
40,51,52,1
40,52,42,1
40,55,32,1
40,60,13,1
40,61,4,1
40,61,26,1
40,61,43,1
40,64,5,1
40,67,38,1
40,67,52,1
41,1,62,1
41,1,66,1
41,3,6,1
41,7,1,1
41,10,2,1
41,15,68,1
41,19,42,1
41,20,34,1
41,21,14,1
41,24,60,1
41,25,23,1
41,26,23,1
41,34,35,1
41,37,65,1
41,45,13,1
41,50,25,1
41,50,42,1
41,54,36,1
41,55,1,1
41,56,63,1
41,60,9,1
41,67,3,1
42,1,33,1
42,1,56,1
42,3,8,1
42,3,30,1
42,3,67,1
42,7,2,1
42,7,34,1
42,12,36,1
42,13,12,1
42,13,35,1
42,19,38,1
42,23,69,1
42,47,20,1
42,53,19,1
42,55,17,1
42,55,61,1
42,57,5,1
42,61,40,1
42,62,67,1
43,7,45,1
43,7,49,1
43,11,40,1
43,11,47,1
43,13,4,1
43,13,20,1
43,14,65,1
43,18,3,1
43,18,26,1
43,18,27,1
43,18,45,1
43,18,58,1
43,19,60,1
43,23,68,1
43,29,57,1
43,32,52,1
43,40,61,1
43,42,4,1
43,42,26,1
43,44,10,1
43,44,15,1
43,46,60,1
43,48,67,1
43,51,10,1
43,51,36,1
43,52,37,1
43,55,8,1
43,56,30,1
43,57,22,1
43,58,64,1
43,61,36,1
43,64,3,1
44,1,27,1
44,4,63,1
44,9,67,1
44,10,26,1
44,16,49,1
44,20,3,1
44,21,43,1
44,25,52,1
44,30,28,1
44,32,52,1
44,33,26,1
44,34,4,1
44,36,11,1
44,40,12,1
44,43,67,1
44,45,69,1
44,47,12,1
44,49,47,1
44,49,69,1
44,50,54,1
44,51,17,1
44,53,26,1
44,54,46,1
44,57,4,1
44,57,52,1
44,58,18,1
44,59,61,1
44,66,9,1
44,66,19,1
44,66,50,1
45,4,10,1
45,9,11,1
45,15,1,1
45,16,22,1
45,17,8,1
45,18,46,1
45,20,16,1
45,20,58,1
45,22,66,1
45,23,42,1
45,24,3,1
45,28,60,1
45,29,36,1
45,31,12,1
45,34,5,1
45,38,21,1
45,39,61,1
45,42,23,1
45,43,58,1
45,49,54,1
45,50,11,1
45,51,38,1
45,52,49,1
45,57,31,1
45,57,55,1
45,58,19,1
45,63,44,1
45,67,65,1
46,4,54,1
46,11,5,1
46,11,22,1
46,11,27,1
46,13,49,1
46,15,34,1
46,16,66,1
46,19,18,1
46,19,56,1
46,20,30,1
46,24,27,1
46,25,2,1
46,34,62,1
46,38,7,1
46,39,44,1
46,49,40,1
46,53,38,1
46,53,40,1
46,54,5,1
46,56,49,1
46,62,36,1
46,62,57,1
46,63,35,1
46,64,51,1
46,64,59,1
47,1,41,1
47,2,25,1
47,4,55,1
47,4,57,1
47,5,28,1
47,7,28,1
47,17,14,1
47,17,56,1
47,19,57,1
47,21,58,1
47,24,64,1
47,27,42,1
47,28,2,1
47,29,10,1
47,30,1,1
47,34,63,1
47,35,22,1
47,35,28,1
47,40,5,1
47,40,62,1
47,41,20,1
47,41,45,1
47,45,19,1
47,45,24,1
47,50,19,1
47,50,57,1
47,52,41,1
47,59,3,1
47,59,14,1
47,60,61,1
47,61,33,1
47,62,53,1
48,1,2,1
48,4,49,1
48,5,6,1
48,7,29,1
48,8,39,1
48,11,21,1
48,12,17,1
48,12,42,1
48,13,16,1
48,14,17,1
48,17,42,1
48,19,15,1
48,27,19,1
48,28,34,1
48,32,60,1
48,34,50,1
48,35,16,1
48,36,12,1
48,38,1,1
48,38,15,1
48,39,53,1
48,43,24,1
48,46,11,1
48,47,21,1
48,49,12,1
48,56,3,1
48,56,49,1
48,57,35,1
48,60,13,1
48,61,24,1
48,65,25,1
49,5,51,1
49,7,45,1
49,8,2,1
49,8,37,1
49,12,62,1
49,13,3,1
49,21,25,1
49,27,60,1
49,27,63,1
49,29,14,1
49,35,18,1
49,40,66,1
49,41,52,1
49,48,36,1
49,48,57,1
49,62,52,1
49,63,48,1
49,65,34,1
49,67,69,1
49,69,8,1
50,4,24,1
50,7,29,1
50,8,53,1
50,9,40,1
50,16,59,1
50,17,7,1
50,17,62,1
50,18,34,1
50,22,2,1
50,26,3,1
50,27,2,1
50,31,49,1
50,34,32,1
50,36,19,1
50,40,36,1
50,43,8,1
50,43,24,1
50,45,30,1
50,45,60,1
50,47,34,1
50,48,64,1
50,55,19,1
50,62,63,1
50,63,62,1
51,1,48,1
51,2,27,1
51,3,32,1
51,6,31,1
51,7,43,1
51,8,32,1
51,10,21,1
51,10,66,1
51,13,50,1
51,17,55,1
51,18,12,1
51,18,49,1
51,25,22,1
51,26,54,1
51,26,57,1
51,33,6,1
51,33,24,1
51,34,31,1
51,35,29,1
51,37,26,1
51,38,15,1
51,49,11,1
51,50,1,1
51,50,63,1
51,52,58,1
51,53,34,1
51,54,27,1
51,61,29,1
51,62,50,1
51,63,20,1
52,1,24,1
52,3,32,1
52,3,37,1
52,7,8,1
52,8,31,1
52,8,51,1
52,9,37,1
52,12,43,1
52,13,36,1
52,17,65,1
52,19,14,1
52,29,41,1
52,30,33,1
52,34,39,1
52,36,29,1
52,37,56,1
52,40,43,1
52,42,44,1
52,42,64,1
52,45,60,1
52,59,39,1
52,60,55,1
52,65,14,1
52,66,22,1
52,67,21,1
52,68,33,1
52,69,42,1
53,2,13,1
53,3,1,1
53,4,58,1
53,5,40,1
53,6,19,1
53,8,15,1
53,8,52,1
53,8,54,1
53,9,8,1
53,9,11,1
53,13,4,1
53,13,33,1
53,13,59,1
53,15,28,1
53,15,69,1
53,16,1,1
53,17,33,1
53,18,50,1
53,20,55,1
53,21,13,1
53,21,22,1
53,22,56,1
53,24,44,1
53,25,59,1
53,29,60,1
53,32,24,1
53,34,38,1
53,34,41,1
53,36,64,1
53,38,5,1
53,38,54,1
53,44,54,1
53,46,4,1
53,47,23,1
53,47,29,1
53,52,44,1
53,54,56,1
53,60,6,1
53,60,11,1
53,60,33,1
53,60,34,1
53,60,46,1
53,61,28,1
53,61,59,1
53,66,40,1
53,67,45,1
53,68,10,1
54,2,36,1
54,3,58,1
54,4,5,1
54,4,34,1
54,5,51,1
54,7,13,1
54,7,51,1
54,8,39,1
54,12,43,1
54,19,55,1
54,20,56,1
54,23,5,1
54,26,59,1
54,31,22,1
54,31,37,1
54,37,40,1
54,41,44,1
54,46,34,1
54,47,19,1
54,49,25,1
54,49,41,1
54,61,17,1
54,63,6,1
54,63,55,1
55,1,13,1
55,5,4,1
55,9,18,1
55,10,60,1
55,11,38,1
55,23,13,1
55,25,5,1
55,25,56,1
55,27,31,1
55,28,49,1
55,35,69,1
55,37,35,1
55,40,66,1
55,41,14,1
55,41,30,1
55,42,67,1
55,43,68,1
55,45,52,1
55,53,14,1
55,57,26,1
55,58,65,1
55,60,19,1
55,67,14,1
55,68,67,1
56,3,40,1
56,4,57,1
56,4,62,1
56,5,36,1
56,6,44,1
56,9,52,1
56,10,7,1
56,10,35,1
56,12,36,1
56,26,14,1
56,30,4,1
56,31,22,1
56,31,53,1
56,34,1,1
56,38,24,1
56,40,31,1
56,41,29,1
56,43,41,1
56,47,69,1
56,54,26,1
56,62,48,1
56,65,13,1
56,68,20,1
57,3,13,1
57,10,67,1
57,12,44,1
57,13,42,1
57,13,52,1
57,15,4,1
57,15,18,1
57,16,10,1
57,17,44,1
57,19,53,1
57,22,55,1
57,23,1,1
57,24,14,1
57,26,19,1
57,26,54,1
57,31,18,1
57,31,52,1
57,31,67,1
57,35,6,1
57,35,40,1
57,35,56,1
57,35,62,1
57,36,15,1
57,36,25,1
57,38,8,1
57,45,3,1
57,47,17,1
57,49,43,1
57,50,28,1
57,53,28,1
57,53,33,1
57,54,34,1
57,58,25,1
57,59,30,1
57,63,1,1
57,63,32,1
57,64,68,1
57,66,18,1
57,67,69,1
58,7,2,1
58,7,30,1
58,7,65,1
58,9,56,1
58,13,52,1
58,13,61,1
58,16,30,1
58,16,31,1
58,18,51,1
58,18,66,1
58,21,26,1
58,26,33,1
58,29,4,1
58,33,38,1
58,36,22,1
58,38,65,1
58,39,32,1
58,40,36,1
58,40,37,1
58,42,66,1
58,44,8,1
58,52,16,1
58,53,34,1
58,55,24,1
58,57,36,1
58,64,43,1
58,64,65,1
58,68,32,1
59,4,22,1
59,9,2,1
59,9,25,1
59,9,42,1
59,12,36,1
59,13,21,1
59,13,28,1
59,14,50,1
59,19,18,1
59,20,8,1
59,23,27,1
59,25,13,1
59,27,10,1
59,27,50,1
59,32,22,1
59,32,23,1
59,33,66,1
59,35,38,1
59,36,27,1
59,37,17,1
59,37,22,1
59,42,17,1
59,43,36,1
59,44,48,1
59,45,67,1
59,51,28,1
59,54,53,1
59,58,13,1
59,63,1,1
59,65,52,1
59,67,35,1
59,68,25,1
59,69,66,1
60,3,49,1
60,4,19,1
60,6,38,1
60,8,57,1
60,9,39,1
60,10,33,1
60,11,62,1
60,16,18,1
60,16,67,1
60,17,1,1
60,17,11,1
60,17,33,1
60,18,4,1
60,29,7,1
60,29,51,1
60,31,55,1
60,33,4,1
60,40,17,1
60,40,69,1
60,41,51,1
60,42,12,1
60,42,55,1
60,43,68,1
60,45,9,1
60,45,56,1
60,51,62,1
60,52,24,1
60,52,42,1
60,54,59,1
60,65,31,1
60,66,42,1
60,67,28,1
60,68,9,1
60,68,25,1
60,69,2,1
61,4,40,1
61,5,2,1
61,7,40,1
61,7,47,1
61,8,68,1
61,10,12,1
61,11,46,1
61,14,57,1
61,15,59,1
61,17,6,1
61,23,2,1
61,24,36,1
61,24,68,1
61,29,30,1
61,30,25,1
61,32,39,1
61,33,12,1
61,34,37,1
61,35,1,1
61,40,57,1
61,43,23,1
61,43,26,1
61,44,28,1
61,47,14,1
61,47,23,1
61,50,24,1
61,51,21,1
61,52,30,1
61,55,19,1
61,55,69,1
61,60,63,1
61,63,18,1
61,63,40,1
61,66,67,1
62,5,49,1
62,7,63,1
62,8,34,1
62,10,22,1
62,11,16,1
62,11,55,1
62,13,37,1
62,16,14,1
62,18,25,1
62,18,34,1
62,19,33,1
62,21,10,1
62,22,17,1
62,23,55,1
62,24,34,1
62,25,51,1
62,26,2,1
62,28,45,1
62,29,67,1
62,35,29,1
62,37,16,1
62,38,26,1
62,42,25,1
62,44,43,1
62,46,12,1
62,47,12,1
62,49,33,1
62,51,61,1
62,57,14,1
62,65,55,1
62,66,18,1
62,68,26,1
63,3,53,1
63,6,12,1
63,6,33,1
63,8,3,1
63,8,26,1
63,8,29,1
63,9,16,1
63,11,60,1
63,13,29,1
63,15,19,1
63,16,58,1
63,19,25,1
63,21,45,1
63,22,4,1
63,25,26,1
63,31,28,1
63,31,32,1
63,31,39,1
63,34,21,1
63,34,27,1
1,44,11,1
63,36,46,1
63,37,67,1
63,38,58,1
63,41,22,1
63,44,15,1
63,50,29,1
63,55,67,1
63,64,8,1
63,66,2,1
64,1,18,1
64,3,49,1
64,13,50,1
64,14,51,1
64,16,19,1
64,18,55,1
64,19,41,1
64,20,58,1
64,24,34,1
64,24,52,1
64,34,1,1
64,34,63,1
64,37,28,1
64,40,20,1
64,40,63,1
64,41,26,1
64,50,43,1
64,50,51,1
64,51,63,1
64,57,63,1
64,60,34,1
64,60,48,1
64,65,12,1
64,65,68,1
65,4,11,1
65,4,57,1
65,5,50,1
65,6,34,1
65,7,37,1
65,11,39,1
65,12,61,1
65,13,14,1
65,13,37,1
65,13,51,1
65,14,32,1
65,16,2,1
65,20,50,1
65,21,59,1
65,22,8,1
65,23,9,1
65,23,35,1
65,25,24,1
65,25,52,1
65,30,12,1
65,31,22,1
65,32,11,1
65,32,13,1
65,35,67,1
65,37,15,1
65,43,48,1
65,45,63,1
65,49,20,1
65,49,28,1
65,50,37,1
65,54,39,1
65,55,24,1
65,55,66,1
65,56,64,1
65,59,69,1
65,60,26,1
65,60,29,1
65,64,2,1
65,67,42,1
65,67,44,1
65,67,45,1
65,69,36,1
65,69,52,1
66,3,4,1
66,4,12,1
66,4,50,1
66,6,41,1
66,9,18,1
66,9,39,1
66,12,68,1
66,13,45,1
66,14,39,1
66,17,18,1
66,17,68,1
66,18,30,1
66,19,34,1
66,20,34,1
66,20,41,1
66,22,17,1
66,22,42,1
66,26,17,1
66,26,58,1
66,29,69,1
66,38,52,1
66,41,18,1
66,42,37,1
66,42,57,1
66,43,3,1
66,44,21,1
66,44,58,1
66,47,1,1
66,50,32,1
66,51,59,1
66,52,30,1
66,54,23,1
66,56,47,1
66,56,49,1
69,68,18,1
66,63,34,1
66,64,31,1
66,67,4,1
67,3,65,1
67,5,54,1
67,6,44,1
67,9,26,1
67,9,51,1
67,16,1,1
67,19,11,1
67,20,35,1
67,22,49,1
67,32,22,1
67,35,22,1
67,37,16,1
67,37,29,1
67,38,52,1
67,40,12,1
67,42,55,1
67,42,61,1
67,43,46,1
67,44,8,1
67,46,44,1
67,46,59,1
67,51,60,1
67,54,50,1
67,57,9,1
67,58,60,1
67,66,60,1
67,66,68,1
68,3,33,1
68,7,49,1
68,10,33,1
68,11,23,1
68,13,35,1
68,15,4,1
68,15,60,1
68,15,61,1
68,16,9,1
68,16,14,1
68,17,47,1
68,18,34,1
68,20,21,1
68,21,29,1
68,21,62,1
68,22,25,1
68,25,26,1
68,37,10,1
1,42,8,1
1,47,69,1
1,53,3,1
1,53,56,1
1,59,62,1
1,61,69,1
1,66,47,1
1,69,64,1
2,7,17,1
2,7,27,1
2,9,11,1
2,9,30,1
2,10,64,1
2,11,39,1
2,12,43,1
2,13,5,1
68,37,54,1
68,40,59,1
68,46,41,1
68,47,6,1
68,48,44,1
68,67,33,1
68,69,17,1
69,1,2,1
69,1,4,1
69,4,22,1
69,10,43,1
69,17,15,1
69,17,36,1
69,18,64,1
69,21,66,1
69,24,13,1
