choice1,choice2,choice3,choice4,choice5,pb_choice,count
69,24,19,38,55,16,1
69,21,47,66,51,20,1
69,18,7,64,31,25,1
69,17,68,36,50,6,1
69,17,49,15,40,5,1
69,10,37,43,64,21,1
69,4,35,22,1,1,1
69,1,51,2,36,16,1
69,1,11,4,54,16,1
68,69,38,17,13,22,1
68,67,6,33,57,24,1
68,48,17,44,23,7,1
68,47,12,6,9,13,1
68,46,40,41,43,24,1
68,40,2,59,67,13,1
68,37,52,10,56,19,1
2,18,5,56,49,4,1
2,16,32,33,35,19,1
2,15,29,68,44,11,1
2,13,25,15,67,24,1
2,13,8,5,26,21,1
2,12,26,43,7,6,1
2,11,68,39,69,12,1
2,10,29,64,27,16,1
2,9,51,11,61,17,1
2,9,8,30,3,16,1
2,7,41,27,62,4,1
2,7,22,17,3,9,1
1,69,58,64,40,4,1
1,66,28,47,2,10,1
1,61,49,69,65,12,1
1,59,17,62,42,5,1
2,60,28,38,37,24,1
2,60,4,43,52,19,1
2,55,53,45,1,11,1
2,49,37,14,55,11,1
2,48,31,41,11,21,1
2,47,64,36,15,5,1
2,47,30,51,16,20,1
2,41,67,36,38,23,1
2,40,10,69,47,15,1
2,38,59,54,17,26,1
2,34,68,65,33,26,1
2,34,47,21,59,23,1
2,32,4,48,39,15,1
2,26,53,16,10,7,1
2,22,56,32,15,20,1
2,20,56,32,33,23,1
3,28,60,1,54,13,1
3,28,47,37,69,10,1
3,28,16,48,4,19,1
3,28,1,30,42,14,1
3,15,48,64,22,13,1
3,13,62,7,23,17,1
3,11,44,40,2,7,1
3,9,26,33,10,24,1
3,8,9,69,55,7,1
2,68,27,35,11,18,1
2,65,47,68,58,15,1
2,64,52,39,51,8,1
2,64,38,33,24,21,1
2,62,51,11,57,25,1
2,61,67,63,38,22,1
2,61,23,11,21,12,1
4,13,47,69,36,6,1
4,11,29,50,40,17,1
4,9,19,3,31,9,1
3,69,8,39,32,16,1
3,68,56,43,46,26,1
3,66,46,67,28,24,1
3,65,48,27,43,1,1
3,58,57,47,13,5,1
3,54,58,52,5,11,1
3,45,40,56,42,22,1
3,41,64,56,44,26,1
3,38,68,55,14,3,1
3,35,54,22,18,5,1
3,34,30,9,23,22,1
3,33,69,51,64,1,1
3,33,65,1,53,22,1
4,57,36,65,29,4,1
4,56,28,61,5,12,1
4,45,50,44,32,10,1
4,45,11,50,41,4,1
4,43,45,17,69,6,1
4,41,3,29,17,6,1
4,40,21,37,20,10,1
4,39,40,22,64,19,1
4,38,8,48,39,3,1
4,35,62,14,18,22,1
4,35,51,33,57,11,1
4,33,7,8,1,9,1
4,23,63,37,69,1,1
4,17,62,43,27,5,1
4,17,61,64,33,1,1
4,15,45,17,14,20,1
5,38,43,34,29,21,1
5,38,32,42,1,17,1
5,34,57,33,54,9,1
5,28,15,53,66,23,1
5,24,20,31,21,19,1
5,23,55,66,54,17,1
5,13,64,58,69,21,1
5,12,6,56,58,16,1
5,11,60,22,49,24,1
5,8,27,35,40,8,1
5,6,48,64,9,8,1
5,6,14,52,26,25,1
5,1,39,3,45,23,1
4,67,38,7,57,10,1
4,64,29,17,42,17,1
4,64,11,60,19,23,1
6,15,10,19,47,17,1
6,8,35,63,28,17,1
6,7,21,46,45,18,1
6,3,38,23,33,15,1
6,1,67,60,3,2,1
5,68,23,67,69,25,1
5,68,3,29,23,12,1
5,63,66,61,59,7,1
5,61,24,50,11,6,1
5,56,36,4,46,6,1
5,55,59,28,16,18,1
5,54,33,50,14,2,1
5,46,63,67,52,8,1
5,42,65,2,46,5,1
5,41,43,61,67,14,1
5,38,46,51,29,17,1
6,44,58,29,43,6,1
6,44,28,39,23,10,1
6,42,68,45,55,12,1
6,40,43,2,14,23,1
6,38,48,55,34,19,1
6,38,33,29,66,19,1
6,36,54,9,13,5,1
6,36,17,1,46,16,1
6,34,3,24,31,24,1
6,29,67,23,2,17,1
6,27,57,48,35,12,1
6,27,38,61,28,8,1
6,27,16,45,21,12,1
6,23,31,60,45,16,1
6,22,15,68,56,23,1
6,19,42,9,48,5,1
7,40,25,55,48,17,1
7,36,52,43,42,8,1
7,35,59,24,64,8,1
7,34,3,1,41,18,1
7,31,68,9,49,15,1
7,29,45,9,39,11,1
7,29,35,62,53,2,1
7,29,34,37,1,11,1
7,28,18,68,1,21,1
7,17,26,25,10,10,1
7,14,39,69,37,9,1
7,4,32,47,1,7,1
6,67,26,51,1,17,1
6,52,54,60,20,3,1
6,49,24,44,14,10,1
6,48,10,31,43,22,1
8,5,63,2,27,4,1
8,4,69,33,27,5,1
8,1,62,60,9,13,1
7,69,32,9,14,15,1
7,68,28,51,31,19,1
7,67,63,40,15,10,1
7,65,15,55,34,4,1
7,65,5,48,12,4,1
7,64,51,32,56,22,1
7,62,51,13,5,20,1
7,59,32,52,12,11,1
7,55,8,29,14,21,1
7,50,1,2,60,15,1
7,49,17,3,48,23,1
7,47,61,6,44,25,1
7,42,28,22,31,11,1
8,38,33,25,40,2,1
8,36,42,45,61,9,1
8,30,18,23,60,25,1
8,30,3,20,66,3,1
8,27,26,23,43,2,1
8,24,68,14,63,22,1
8,24,9,23,69,13,1
8,21,27,25,31,7,1
8,20,56,55,41,18,1
8,19,3,34,33,1,1
8,14,32,55,22,13,1
8,13,20,7,49,14,1
8,12,13,51,57,21,1
8,11,51,37,34,16,1
8,9,16,30,31,14,1
8,7,17,59,22,6,1
9,21,3,65,11,6,1
9,18,8,42,30,14,1
9,16,51,25,69,25,1
9,8,33,48,7,1,1
9,8,19,42,16,25,1
9,6,38,43,39,23,1
8,69,20,52,14,18,1
8,68,48,56,33,21,1
8,62,4,45,57,10,1
8,60,1,45,10,6,1
8,58,22,15,7,18,1
8,54,20,24,7,3,1
8,52,47,62,3,12,1
8,50,60,24,69,11,1
8,50,42,25,64,8,1
8,48,20,45,16,10,1
9,61,39,28,59,18,1
9,61,17,30,56,5,1
9,58,67,26,3,3,1
9,56,48,52,51,20,1
9,55,5,32,16,1,1
9,54,4,10,51,21,1
9,49,50,7,33,21,1
9,48,28,56,40,20,1
9,47,5,40,3,14,1
9,39,16,13,46,18,1
9,36,45,46,59,22,1
9,27,68,14,31,17,1
9,27,42,12,11,24,1
9,25,38,43,61,25,1
9,24,16,23,30,5,1
9,22,10,61,57,16,1
10,31,42,62,43,25,1
10,30,8,48,37,19,1
10,21,59,15,54,17,1
10,19,56,66,59,25,1
10,15,29,12,22,18,1
10,13,67,48,40,22,1
10,13,66,5,27,9,1
10,12,19,48,22,14,1
10,11,44,8,5,2,1
10,8,53,28,51,15,1
10,7,57,38,19,24,1
10,6,47,55,27,1,1
9,65,7,20,51,2,1
9,62,63,20,66,26,1
9,62,25,22,6,11,1
9,61,47,16,54,10,1
11,6,42,49,21,24,1
11,5,46,9,59,4,1
11,2,65,13,5,8,1
10,69,8,1,43,11,1
10,67,24,2,1,1,1
10,61,13,55,15,13,1
10,53,52,15,24,11,1
10,52,6,20,9,7,1
10,51,27,20,28,18,1
10,50,35,67,26,15,1
10,50,2,6,51,5,1
10,49,24,20,6,13,1
10,42,15,40,16,11,1
10,41,11,27,36,21,1
10,33,64,30,47,5,1
10,32,7,26,66,18,1
11,40,69,46,24,15,1
11,35,42,18,64,24,1
11,33,7,32,28,6,1
11,31,66,38,50,9,1
11,30,36,69,46,21,1
11,28,21,35,51,11,1
11,27,61,50,8,15,1
11,25,52,47,40,18,1
11,25,23,69,29,3,1
11,25,17,54,27,22,1
11,19,7,44,5,24,1
11,18,36,54,30,21,1
11,14,53,56,7,10,1
11,12,48,19,33,5,1
11,9,17,27,28,17,1
11,7,18,26,19,24,1
12,4,40,31,1,13,1
12,4,34,23,35,19,1
12,2,61,46,41,13,1
12,2,50,51,34,4,1
12,2,21,27,55,3,1
12,1,43,53,17,1,1
11,63,39,55,62,18,1
11,63,21,29,42,24,1
11,62,22,2,5,17,1
11,61,55,12,44,19,1
11,60,54,31,6,1,1
11,57,49,17,51,16,1
11,53,58,19,39,10,1
11,45,32,6,48,6,1
11,43,27,64,53,19,1
11,41,45,18,35,5,1
12,36,47,13,51,17,1
12,32,51,63,14,5,1
12,30,42,60,22,5,1
12,28,66,15,60,20,1
12,24,47,11,13,22,1
12,17,45,33,47,5,1
12,17,27,39,52,13,1
12,14,67,37,29,14,1
12,14,54,69,55,20,1
12,14,20,60,57,6,1
12,14,8,36,31,24,1
12,13,33,30,23,14,1
12,11,50,40,55,6,1
12,11,44,32,20,22,1
12,7,13,38,50,15,1
12,6,64,24,25,23,1
13,6,20,3,58,7,1
13,2,4,34,53,22,1
12,67,42,57,39,6,1
12,66,23,44,46,22,1
12,64,32,29,50,8,1
12,64,1,8,9,4,1
12,59,66,62,20,18,1
12,56,5,35,53,17,1
12,55,1,52,32,14,1
12,54,13,1,26,8,1
12,44,55,38,46,15,1
12,42,17,18,5,17,1
12,42,13,22,14,5,1
12,38,3,59,10,21,1
12,37,68,45,38,6,1
12,37,4,48,62,20,1
13,36,55,67,65,24,1
13,32,45,65,24,4,1
13,32,19,38,50,1,1
13,25,54,49,58,6,1
13,23,32,37,33,13,1
13,22,38,5,33,6,1
13,20,17,5,51,16,1
13,18,61,43,50,18,1
13,18,11,15,5,19,1
13,17,55,57,30,9,1
13,16,53,39,58,3,1
13,12,53,31,1,3,1
13,12,42,21,52,13,1
13,12,38,62,31,4,1
13,11,56,31,12,26,1
13,11,8,27,38,2,1
13,68,37,28,49,8,1
13,67,37,47,36,14,1
13,64,66,68,18,20,1
13,63,24,37,26,6,1
13,61,32,9,51,24,1
13,59,50,44,38,22,1
13,59,28,6,60,20,1
13,56,53,38,23,21,1
13,54,25,45,53,5,1
13,51,69,22,34,3,1
13,47,64,17,16,7,1
13,46,28,22,24,9,1
13,46,4,12,54,22,1
13,43,69,42,16,6,1
13,40,21,5,26,9,1
13,37,35,45,12,26,1
14,59,39,22,38,19,1
14,54,20,52,7,15,1
14,52,15,12,11,5,1
14,46,67,45,6,25,1
14,46,29,51,33,11,1
14,42,38,51,43,25,1
14,40,1,67,58,2,1
14,36,16,26,19,18,1
14,34,32,69,67,12,1
14,33,24,34,11,20,1
14,21,27,2,41,10,1
14,19,51,16,40,18,1
14,18,8,59,45,9,1
14,9,41,3,49,1,1
14,7,47,63,33,26,1
14,5,2,29,25,7,1
15,34,19,54,56,1,1
15,33,29,43,9,17,1
15,29,33,38,4,6,1
15,28,20,57,42,24,1
15,25,28,5,1,18,1
15,24,22,45,41,22,1
15,22,43,29,54,10,1
15,16,41,17,33,9,1
15,14,40,48,61,6,1
15,7,41,6,42,2,1
14,69,52,67,48,20,1
14,68,25,53,51,8,1
14,62,48,50,28,5,1
14,61,59,4,63,14,1
14,60,20,19,3,4,1
14,59,65,46,58,10,1
16,14,41,11,69,21,1
16,11,22,3,26,9,1
16,10,64,24,42,2,1
16,3,60,46,15,2,1
16,3,31,61,32,7,1
15,69,51,31,59,1,1
15,62,12,48,13,20,1
15,57,36,55,44,17,1
15,55,61,64,31,9,1
15,53,22,1,39,22,1
15,52,16,66,44,15,1
15,48,16,67,59,12,1
15,45,34,60,8,25,1
15,37,38,51,13,20,1
15,35,69,34,25,7,1
15,35,53,54,57,14,1
16,50,1,11,49,19,1
16,49,47,53,48,26,1
16,47,18,53,9,21,1
16,46,1,55,69,20,1
16,44,24,22,11,7,1
16,43,57,17,62,12,1
16,41,39,47,15,20,1
16,32,46,49,48,24,1
16,32,34,8,31,18,1
16,32,25,46,50,21,1
16,29,6,28,26,2,1
16,28,13,2,38,2,1
16,26,66,25,14,11,1
16,22,21,67,4,14,1
16,21,27,57,58,19,1
16,14,50,42,36,24,1
17,29,52,68,27,5,1
17,27,32,62,31,18,1
17,24,65,27,2,14,1
17,19,16,57,15,6,1
17,13,46,22,55,26,1
17,13,10,1,23,3,1
17,12,14,41,61,13,1
17,8,29,45,14,26,1
17,2,63,22,19,6,1
17,2,62,41,35,26,1
16,64,47,49,18,6,1
16,60,38,7,35,17,1
16,59,12,33,68,9,1
16,57,18,23,47,10,1
16,55,61,44,6,1,1
16,51,68,14,64,9,1
18,1,32,24,38,3,1
18,1,20,23,46,5,1
17,68,41,10,65,9,1
17,68,14,40,24,18,1
17,67,35,52,20,8,1
17,67,11,46,52,4,1
17,64,16,65,14,9,1
17,61,52,34,25,8,1
17,59,14,38,6,11,1
17,57,40,42,51,17,1
17,56,47,2,16,7,1
17,53,57,14,56,17,1
17,52,33,44,13,25,1
17,36,61,42,11,11,1
17,33,11,18,15,1,1
17,30,33,39,45,2,1
18,34,44,4,49,21,1
18,34,4,59,26,25,1
18,31,4,29,46,14,1
18,30,34,48,3,5,1
18,29,19,58,46,6,1
18,26,22,61,46,8,1
18,22,38,37,56,17,1
18,22,6,17,40,16,1
18,21,51,26,22,17,1
18,21,10,60,45,18,1
18,19,55,35,34,19,1
18,19,7,55,17,23,1
18,14,5,65,8,20,1
18,9,51,36,10,13,1
18,9,15,68,28,23,1
18,5,26,6,53,9,1
19,21,15,11,54,9,1
19,16,43,32,49,9,1
19,13,68,4,52,2,1
19,10,61,35,63,24,1
19,9,61,56,17,23,1
19,7,68,44,24,5,1
18,66,52,35,62,16,1
18,55,8,28,14,23,1
18,52,56,57,69,25,1
18,51,52,69,25,13,1
18,50,44,53,20,2,1
18,45,24,59,50,10,1
18,43,53,5,41,7,1
18,40,17,6,64,24,1
18,39,35,26,56,16,1
18,38,53,7,43,25,1
19,61,53,4,54,9,1
19,59,25,21,41,18,1
19,57,2,6,26,11,1
19,49,65,4,11,17,1
19,49,46,5,7,13,1
19,46,11,36,35,12,1
19,43,7,45,65,7,1
19,43,7,13,40,26,1
19,42,60,24,46,11,1
19,39,44,42,21,6,1
19,38,66,53,48,24,1
19,37,20,54,64,9,1
19,35,24,68,48,15,1
19,29,63,68,10,18,1
19,28,42,22,67,7,1
19,25,47,29,63,17,1
20,27,26,7,5,14,1
20,26,63,43,51,25,1
20,23,66,12,16,20,1
20,23,35,21,15,18,1
20,21,58,7,5,3,1
20,18,27,52,55,5,1
20,16,9,21,10,9,1
20,12,51,42,4,22,1
20,10,31,13,34,26,1
20,7,21,68,25,9,1
20,4,58,68,42,18,1
20,3,62,33,56,19,1
20,1,5,44,48,9,1
19,67,13,50,56,16,1
19,63,1,59,49,14,1
19,62,33,67,22,20,1
21,2,23,56,52,16,1
20,65,59,42,56,10,1
20,65,23,6,15,1,1
20,60,64,15,31,14,1
20,56,50,36,9,19,1
20,52,37,22,17,11,1
20,46,24,30,28,22,1
20,40,62,64,7,13,1
20,40,54,55,17,9,1
20,39,35,57,8,19,1
20,36,26,37,2,13,1
20,35,51,47,44,5,1
20,32,44,40,42,25,1
20,32,1,63,24,9,1
20,31,66,37,5,12,1
20,30,45,59,58,16,1
21,36,4,13,24,10,1
21,35,32,34,40,6,1
21,29,35,40,65,3,1
21,29,2,20,36,22,1
21,28,63,11,2,10,1
21,28,43,66,50,12,1
21,28,35,39,68,7,1
21,27,50,41,64,17,1
21,27,41,39,69,1,1
21,24,46,25,43,12,1
21,20,69,3,45,21,1
21,16,56,39,69,21,1
21,15,38,29,61,22,1
21,8,3,40,37,8,1
21,7,40,47,17,13,1
21,6,57,64,54,19,1
22,1,20,63,4,2,1
22,1,2,21,6,20,1
21,59,16,13,61,10,1
21,53,19,69,29,19,1
21,53,17,27,43,25,1
21,52,5,38,37,18,1
21,51,19,24,39,1,1
21,49,66,53,60,26,1
21,47,64,20,2,1,1
21,46,30,23,59,20,1
21,45,9,22,1,20,1
21,43,64,35,60,16,1
21,42,46,11,24,21,1
21,40,65,52,16,25,1
21,39,29,25,56,4,1
21,38,62,57,65,18,1
22,62,33,53,17,26,1
22,61,40,26,3,10,1
22,60,16,65,42,5,1
22,59,1,67,41,6,1
22,56,66,26,20,23,1
22,43,47,49,45,11,1
22,37,24,25,10,20,1
22,33,67,62,2,23,1
22,31,68,51,66,7,1
22,24,48,42,33,7,1
22,20,68,17,33,25,1
22,19,32,49,15,24,1
22,8,65,45,1,10,1
22,6,25,67,41,14,1
22,1,52,16,55,26,1
22,1,44,47,45,13,1
23,12,39,20,53,5,1
23,8,32,29,28,15,1
23,8,12,24,1,16,1
23,7,58,22,38,23,1
23,5,17,64,10,25,1
23,4,26,32,60,4,1
23,3,51,69,6,10,1
23,3,19,33,18,11,1
23,2,63,37,50,5,1
23,1,19,16,21,26,1
22,69,11,51,3,8,1
22,69,3,61,16,19,1
22,67,18,7,50,12,1
22,65,3,14,34,13,1
22,64,5,20,49,12,1
22,63,21,57,36,26,1
23,49,3,52,17,21,1
23,46,59,28,30,17,1
23,46,35,58,26,6,1
23,45,65,46,16,20,1
23,43,32,65,54,1,1
23,38,37,18,35,17,1
23,31,17,67,9,23,1
23,31,9,53,47,24,1
23,30,56,69,11,8,1
23,28,34,2,61,19,1
23,20,16,25,24,16,1
23,19,66,8,29,21,1
23,19,29,37,27,18,1
23,18,41,59,50,17,1
23,18,6,61,47,8,1
23,13,4,30,64,4,1
24,23,26,28,4,7,1
24,22,52,19,10,23,1
24,20,18,22,37,23,1
24,17,28,61,1,14,1
24,15,62,48,17,26,1
24,15,6,27,17,13,1
24,12,35,26,49,13,1
24,11,25,49,40,25,1
24,10,16,6,65,18,1
24,9,61,1,3,4,1
24,6,29,45,26,13,1
24,2,45,55,49,24,1
23,67,51,13,4,26,1
23,65,46,54,17,13,1
23,62,67,28,34,6,1
23,51,59,66,69,26,1
24,56,48,68,54,23,1
24,56,27,48,65,7,1
24,56,17,52,62,3,1
24,55,52,44,40,20,1
24,52,28,65,35,9,1
24,45,56,3,32,4,1
24,40,52,23,2,2,1
24,39,37,54,2,21,1
24,38,35,57,4,8,1
24,38,5,2,16,12,1
24,35,12,14,52,16,1
24,33,49,8,31,17,1
24,31,19,46,11,5,1
24,26,40,7,54,7,1
24,25,6,51,58,18,1
24,23,65,22,30,14,1
25,20,46,62,28,4,1
25,18,36,64,68,21,1
25,16,63,51,41,10,1
25,16,8,57,60,12,1
25,15,57,13,53,18,1
25,15,3,45,66,25,1
25,14,60,12,16,20,1
25,10,48,1,17,13,1
25,8,7,23,42,1,1
25,7,59,44,52,3,1
25,5,69,60,59,24,1
25,5,13,6,64,25,1
24,69,55,61,59,16,1
24,61,34,26,58,19,1
24,61,21,37,11,18,1
24,58,19,37,14,21,1
25,53,47,37,24,4,1
25,51,31,50,60,4,1
25,47,66,17,1,17,1
25,47,62,32,9,13,1
25,47,51,67,18,18,1
25,41,67,65,61,20,1
25,33,44,54,69,20,1
25,32,50,23,60,2,1
25,31,67,13,7,11,1
25,29,63,47,27,18,1
25,29,13,69,34,11,1
25,28,14,37,59,2,1
25,26,4,16,23,10,1
25,22,56,26,19,1,1
25,22,33,68,51,22,1
25,20,48,38,49,14,1
26,15,10,50,32,23,1
26,11,69,59,58,7,1
26,8,6,66,15,13,1
26,7,57,5,62,11,1
26,5,61,55,67,24,1
26,4,53,61,49,10,1
26,2,47,65,39,23,1
26,2,38,16,15,15,1
25,69,56,64,43,15,1
25,67,61,5,9,19,1
25,66,57,49,58,25,1
25,65,23,52,13,8,1
25,64,13,9,41,8,1
25,62,21,63,49,13,1
25,61,30,48,31,5,1
25,57,12,29,66,10,1
26,44,8,37,48,11,1
26,42,63,40,35,18,1
26,41,16,43,29,4,1
26,35,41,40,24,12,1
26,35,37,40,13,23,1
26,33,30,56,58,4,1
26,32,36,22,10,9,1
26,31,13,9,16,16,1
26,30,67,18,11,18,1
26,29,46,33,22,18,1
26,29,21,66,50,10,1
26,23,49,14,22,19,1
26,23,45,27,52,14,1
26,22,67,69,10,8,1
26,19,60,9,8,1,1
26,18,61,4,53,17,1
27,16,6,30,23,5,1
27,14,28,20,67,24,1
27,12,36,24,41,23,1
27,9,23,69,48,7,1
27,8,69,52,36,6,1
27,4,34,32,53,10,1
27,2,28,44,68,14,1
27,1,2,50,3,4,1
26,65,63,22,68,7,1
26,59,7,41,22,10,1
26,57,19,52,62,13,1
26,56,65,55,7,17,1
26,56,29,63,10,20,1
26,55,44,18,64,4,1
26,50,45,34,66,26,1
26,46,37,58,1,17,1
27,65,63,54,2,5,1
27,65,48,6,23,4,1
27,64,45,44,63,1,1
27,58,52,37,25,13,1
27,58,35,33,65,21,1
27,53,11,1,58,8,1
27,52,33,60,53,8,1
27,46,16,69,6,9,1
27,40,15,49,25,19,1
27,38,63,42,52,1,1
27,35,9,37,61,26,1
27,32,57,37,34,13,1
27,19,61,29,5,16,1
27,19,8,25,69,4,1
27,17,21,67,6,1,1
27,16,14,50,68,7,1
28,38,1,44,31,11,1
28,37,15,26,51,1,1
28,36,11,45,37,25,1
28,29,24,64,2,17,1
28,29,4,13,25,23,1
28,26,16,37,36,1,1
28,21,61,27,48,20,1
28,21,2,36,8,17,1
28,19,47,16,6,1,1
28,15,49,54,5,24,1
28,11,51,52,49,12,1
28,6,34,46,44,8,1
28,5,34,17,13,21,1
28,5,22,17,39,9,1
27,68,69,59,43,8,1
27,68,36,61,14,25,1
28,67,56,17,48,10,1
28,64,60,2,32,21,1
28,62,36,63,53,16,1
28,62,26,29,30,24,1
28,59,54,3,2,7,1
28,59,16,4,2,14,1
28,58,41,24,21,5,1
28,54,37,35,67,14,1
28,53,52,61,47,22,1
28,48,5,58,33,6,1
28,46,39,5,15,8,1
28,46,1,60,5,20,1
28,45,29,64,2,2,1
28,43,35,18,62,20,1
28,40,42,57,34,10,1
28,40,5,39,30,5,1
29,37,24,53,12,24,1
29,36,62,55,60,11,1
29,35,7,4,15,4,1
29,33,47,5,42,20,1
29,32,40,16,44,23,1
29,30,4,49,3,13,1
29,26,31,34,54,14,1
29,25,30,52,12,16,1
29,21,8,63,4,7,1
29,19,45,57,20,7,1
29,15,52,66,22,20,1
29,15,36,5,44,5,1
29,11,6,51,1,20,1
29,9,11,24,15,10,1
29,5,45,22,35,3,1
29,3,11,28,9,3,1
30,1,62,42,17,9,1
29,63,55,12,49,5,1
29,61,32,20,25,15,1
29,60,35,41,3,7,1
29,60,1,15,57,6,1
29,56,24,34,32,21,1
29,53,17,12,13,15,1
29,51,13,2,6,11,1
29,48,43,41,53,15,1
29,45,49,62,65,16,1
29,45,25,40,60,17,1
29,44,51,15,42,6,1
29,42,62,28,58,6,1
29,41,10,17,13,1,1
29,40,16,6,13,4,1
29,39,67,33,34,1,1
30,49,64,15,60,23,1
30,46,26,40,47,2,1
30,41,12,19,62,25,1
30,32,59,35,12,5,1
30,32,49,56,31,16,1
30,28,24,60,56,26,1
30,27,24,3,42,3,1
30,24,55,47,5,11,1
30,23,47,4,16,11,1
30,21,65,18,55,5,1
30,15,10,13,48,2,1
30,12,23,46,37,25,1
30,10,65,62,41,14,1
30,9,43,23,11,19,1
30,8,32,6,64,8,1
30,4,18,21,44,4,1
31,13,3,16,28,7,1
31,10,22,45,36,21,1
31,9,61,48,47,16,1
31,8,66,7,49,7,1
31,5,15,13,9,9,1
30,68,65,38,41,5,1
30,66,4,2,19,13,1
30,65,43,16,27,8,1
30,63,48,28,32,26,1
30,61,24,28,39,5,1
30,59,67,21,25,6,1
30,58,49,12,24,13,1
30,58,12,15,23,19,1
30,57,16,62,40,11,1
30,56,54,62,32,5,1
30,54,35,10,25,6,1
31,45,3,24,46,22,1
31,43,27,65,68,13,1
31,41,11,4,10,19,1
31,41,3,24,10,9,1
31,40,44,7,38,11,1
31,32,52,10,26,23,1
31,32,6,60,61,14,1
31,30,39,54,15,17,1
31,28,41,65,14,26,1
31,27,67,5,48,1,1
31,26,48,5,10,5,1
31,25,21,10,28,22,1
31,22,60,36,43,26,1
31,19,61,8,26,20,1
31,17,33,52,66,5,1
31,13,54,24,35,2,1
32,17,11,13,35,1,1
32,15,59,46,4,13,1
32,14,50,58,44,9,1
32,12,4,39,55,9,1
32,10,42,18,13,1,1
32,10,23,31,55,19,1
32,10,3,21,39,24,1
32,6,65,1,45,18,1
32,3,54,26,9,1,1
31,68,54,13,4,18,1
31,64,7,28,41,12,1
31,60,34,39,45,2,1
31,58,57,45,18,20,1
31,58,51,18,29,16,1
31,50,26,34,9,15,1
31,47,5,46,37,19,1
32,40,9,65,60,17,1
32,38,66,26,9,19,1
32,37,33,30,20,17,1
32,35,30,61,8,8,1
32,31,17,5,23,12,1
32,26,36,39,64,5,1
32,26,35,67,36,9,1
32,25,12,24,61,17,1
32,24,38,7,56,3,1
32,23,37,44,47,22,1
32,23,12,14,8,23,1
32,22,11,20,12,21,1
32,21,29,15,57,20,1
32,19,24,22,63,18,1
32,18,2,23,36,14,1
32,17,58,28,34,3,1
32,63,64,35,29,3,1
32,61,44,21,10,22,1
32,59,52,16,10,7,1
32,59,7,14,18,10,1
32,57,10,17,38,22,1
32,54,50,24,20,1,1
32,53,15,4,40,11,1
32,51,18,56,31,17,1
32,49,41,31,53,6,1
32,49,26,40,18,15,1
32,46,57,28,17,2,1
32,46,16,66,36,7,1
32,42,66,3,41,17,1
32,41,20,42,24,6,1
32,41,6,57,53,17,1
32,40,55,63,22,8,1
33,41,48,11,58,18,1
33,39,30,60,23,9,1
33,38,29,24,2,15,1
33,37,55,9,46,1,1
33,27,16,18,14,12,1
33,24,48,28,57,10,1
33,22,18,32,15,24,1
33,21,68,57,43,20,1
33,18,31,2,52,25,1
33,14,64,12,46,15,1
33,9,13,56,35,19,1
33,8,55,68,57,23,1
33,4,1,27,58,18,1
33,2,16,37,57,11,1
32,69,58,51,37,14,1
32,69,48,26,2,17,1
34,4,26,56,11,15,1
34,2,65,21,24,21,1
33,68,46,18,30,5,1
33,68,2,13,9,1,1
33,66,67,15,48,21,1
33,66,28,10,15,25,1
33,65,68,32,45,8,1
33,64,40,62,49,5,1
33,60,21,43,59,2,1
33,57,61,8,42,10,1
33,57,51,50,30,2,1
33,54,63,46,38,13,1
33,53,31,4,36,20,1
33,53,5,62,17,10,1
33,49,42,14,43,8,1
33,45,26,32,25,5,1
34,43,65,57,40,8,1
34,38,21,42,3,17,1
34,36,31,38,22,1,1
34,35,16,51,36,14,1
34,35,3,67,18,5,1
34,32,8,54,35,26,1
34,28,26,9,52,19,1
34,26,28,21,42,10,1
34,25,16,53,21,7,1
34,24,55,6,11,7,1
34,17,63,33,38,19,1
34,14,69,56,3,16,1
34,13,6,19,45,22,1
34,9,65,12,19,6,1
34,9,13,11,12,22,1
34,8,41,6,38,15,1
35,11,59,53,49,13,1
35,10,3,53,58,1,1
35,6,55,2,17,5,1
35,5,13,17,38,21,1
35,3,50,66,2,16,1
35,1,40,67,45,14,1
34,68,19,58,2,3,1
34,67,61,31,36,21,1
34,66,18,47,68,22,1
34,66,7,21,54,19,1
34,63,13,50,6,6,1
34,61,53,8,66,21,1
34,59,60,31,7,1,1
34,57,44,55,12,23,1
34,45,40,42,5,19,1
34,44,45,26,57,23,1
35,58,36,19,6,11,1
35,57,15,51,10,21,1
35,49,25,48,62,7,1
35,48,54,53,58,17,1
35,44,59,26,15,2,1
35,44,6,4,15,18,1
35,38,57,11,65,23,1
35,36,11,30,19,11,1
35,32,3,8,40,23,1
35,28,47,65,61,13,1
35,28,1,15,40,14,1
35,27,44,40,2,15,1
35,23,57,63,61,9,1
35,23,15,32,22,23,1
35,19,30,57,13,10,1
35,14,27,43,69,22,1
36,24,40,50,26,4,1
36,22,17,39,31,23,1
36,22,15,56,6,25,1
36,21,51,47,6,5,1
36,21,2,24,1,17,1
36,16,40,24,11,6,1
36,15,50,62,35,19,1
36,14,27,64,43,6,1
36,11,24,18,32,3,1
36,10,48,65,2,5,1
36,4,30,34,2,13,1
36,1,2,28,47,10,1
35,69,62,12,31,20,1
35,66,69,40,57,13,1
35,61,43,49,21,18,1
35,59,39,50,27,26,1
36,59,3,26,12,15,1
36,55,41,40,43,7,1
36,55,23,46,59,7,1
36,52,51,43,32,9,1
36,51,46,63,50,24,1
36,50,32,64,13,4,1
36,49,42,9,51,26,1
36,48,68,7,4,11,1
36,47,16,68,40,16,1
36,44,61,8,29,8,1
36,43,40,63,62,23,1
36,42,22,16,64,25,1
36,40,13,9,28,21,1
36,40,4,32,67,9,1
36,27,26,65,33,19,1
36,27,3,64,55,24,1
37,16,60,9,58,2,1
37,16,18,50,46,10,1
37,12,23,62,52,21,1
37,11,49,19,38,9,1
37,10,15,23,50,7,1
37,5,61,18,35,25,1
37,5,25,1,11,19,1
37,2,31,3,47,14,1
37,1,11,61,12,9,1
36,68,46,47,30,21,1
36,68,4,14,11,26,1
36,67,60,42,16,20,1
36,67,54,69,66,19,1
36,65,59,4,11,24,1
36,60,37,41,47,19,1
36,59,20,1,63,17,1
37,53,15,6,59,5,1
37,52,60,48,50,9,1
37,51,31,64,15,8,1
37,48,17,49,57,20,1
37,47,58,48,52,8,1
37,45,68,51,8,7,1
37,44,10,9,12,22,1
37,40,35,59,12,12,1
37,30,57,69,41,26,1
37,27,54,38,51,16,1
37,24,7,52,42,15,1
37,23,25,35,10,19,1
37,23,1,45,49,26,1
37,19,53,11,3,8,1
37,17,16,60,26,5,1
37,16,67,48,29,18,1
38,9,35,1,33,2,1
38,8,66,1,49,14,1
38,8,48,42,57,7,1
38,7,48,44,56,16,1
38,6,48,51,4,3,1
38,5,2,51,62,17,1
38,4,47,39,45,10,1
38,2,17,55,45,1,1
37,68,30,65,5,4,1
37,67,50,7,63,4,1
37,67,32,21,57,15,1
37,65,64,69,67,10,1
37,57,40,46,44,17,1
37,56,41,50,3,10,1
37,56,4,9,13,5,1
37,55,60,14,66,4,1
38,48,3,53,34,13,1
38,47,62,66,53,7,1
38,46,7,50,10,10,1
38,43,36,56,59,11,1
38,41,21,25,44,14,1
38,37,17,13,5,9,1
38,32,50,47,35,14,1
38,32,5,40,10,4,1
38,23,15,42,47,16,1
38,20,53,12,41,12,1
38,18,2,12,6,17,1
38,15,59,58,4,25,1
38,14,27,57,34,14,1
38,13,8,32,31,21,1
38,10,11,43,34,22,1
38,9,68,8,44,7,1
39,13,29,62,35,2,1
39,13,27,43,63,24,1
39,11,33,22,61,9,1
39,5,38,12,18,13,1
39,4,55,23,34,5,1
38,69,33,36,14,7,1
38,69,18,13,55,13,1
38,69,2,53,63,19,1
38,68,27,56,54,17,1
38,68,5,34,15,7,1
38,66,10,4,14,13,1
38,64,11,58,30,26,1
38,60,52,26,62,4,1
38,59,68,33,69,4,1
38,57,59,40,10,11,1
38,53,44,13,9,21,1
39,37,64,29,44,16,1
39,36,63,59,55,11,1
39,35,45,62,57,26,1
39,35,19,65,29,4,1
39,34,41,43,67,4,1
39,32,2,18,13,16,1
39,31,62,13,65,23,1
39,29,13,66,33,25,1
39,29,6,65,1,3,1
39,28,37,16,57,26,1
39,28,31,11,38,17,1
39,24,21,48,68,14,1
39,21,57,63,67,25,1
39,18,25,64,22,13,1
39,16,59,6,50,1,1
39,16,49,1,22,8,1
40,15,31,3,36,26,1
40,10,21,11,66,15,1
40,5,44,9,31,8,1
40,4,16,19,17,8,1
40,2,24,32,56,24,1
40,1,24,16,28,6,1
39,65,64,69,53,4,1
39,64,25,16,58,8,1
39,62,28,34,42,21,1
39,61,24,30,67,5,1
39,54,40,59,1,7,1
39,52,2,23,20,13,1
39,48,43,64,67,16,1
39,44,50,16,60,26,1
39,44,29,41,63,11,1
39,38,55,3,24,6,1
40,50,16,22,45,4,1
40,49,36,11,35,25,1
40,48,50,22,16,15,1
40,47,19,52,30,11,1
40,46,38,28,60,22,1
40,42,48,55,4,5,1
40,38,24,25,30,1,1
40,33,11,5,59,25,1
40,32,62,61,53,11,1
40,31,45,65,27,2,1
40,31,7,25,64,1,1
40,26,52,33,37,2,1
40,21,37,69,23,17,1
40,21,24,1,22,1,1
40,20,45,52,66,20,1
40,18,49,60,8,13,1
41,10,31,2,51,25,1
41,7,11,1,14,7,1
41,3,11,6,52,20,1
41,1,67,62,18,12,1
41,1,29,66,42,21,1
40,67,59,38,47,3,1
40,67,19,52,42,22,1
40,64,41,5,56,9,1
40,61,56,43,62,10,1
40,61,35,4,23,1,1
40,61,21,26,5,2,1
40,60,41,13,66,26,1
40,55,34,32,19,11,1
40,52,43,42,7,23,1
40,51,23,52,10,26,1
40,50,29,54,46,14,1
41,60,51,9,54,5,1
41,56,2,63,44,3,1
41,55,40,1,66,9,1
41,54,64,36,44,25,1
41,50,35,42,51,17,1
41,50,13,25,9,3,1
41,45,53,13,7,4,1
41,37,4,65,18,20,1
41,34,11,35,50,10,1
41,26,57,23,47,11,1
41,25,58,23,43,26,1
41,24,28,60,2,11,1
41,21,27,14,16,8,1
41,20,33,34,19,18,1
41,19,63,42,46,17,1
41,15,49,68,66,19,1
42,55,35,61,9,5,1
42,53,43,19,29,9,1
42,47,2,20,59,18,1
42,23,10,69,8,21,1
42,19,52,38,27,18,1
42,13,26,35,43,1,1
42,13,14,12,24,21,1
42,12,22,36,48,16,1
42,7,50,34,37,11,1
42,7,14,2,55,11,1
42,3,68,67,56,26,1
42,3,64,30,63,24,1
42,3,6,8,41,22,1
42,1,55,33,7,25,1
42,1,40,56,53,18,1
41,67,55,3,52,24,1
43,18,37,3,6,13,1
43,18,33,45,21,21,1
43,18,19,27,57,17,1
43,18,12,26,58,25,1
43,18,5,58,40,13,1
43,14,27,65,10,18,1
43,13,52,4,19,16,1
43,13,27,20,7,24,1
43,11,44,40,51,10,1
43,11,8,47,12,16,1
43,7,60,45,59,22,1
43,7,20,49,54,13,1
42,62,61,67,52,15,1
42,61,14,40,22,25,1
42,57,21,5,51,9,1
42,55,68,17,50,23,1
43,56,29,30,50,4,1
43,55,15,8,24,7,1
43,52,39,37,24,2,1
43,51,57,10,18,8,1
43,51,13,36,52,14,1
43,48,54,67,28,8,1
43,46,31,60,21,18,1
43,44,57,15,50,21,1
43,44,4,10,55,5,1
43,42,54,26,4,6,1
43,42,28,4,17,14,1
43,40,66,61,68,17,1
43,32,55,52,54,14,1
43,29,13,57,53,1,1
43,23,17,68,38,5,1
43,19,63,60,51,25,1
44,34,68,4,51,13,1
44,33,17,26,56,13,1
44,32,60,52,8,14,1
44,30,68,28,9,7,1
44,25,61,52,36,8,1
44,21,27,43,37,17,1
44,20,7,3,10,1,1
44,16,50,49,32,1,1
44,10,68,26,16,2,1
44,9,51,67,6,22,1
44,4,21,63,59,25,1
44,1,57,27,20,24,1
43,64,60,3,15,14,1
43,61,35,36,63,10,1
43,58,14,64,37,6,1
43,57,36,22,5,25,1
44,66,2,50,23,10,1
44,59,8,61,42,4,1
44,58,43,18,1,4,1
44,57,38,4,46,18,1
44,57,10,52,37,14,1
44,54,55,46,30,9,1
44,53,49,26,51,20,1
44,51,2,17,53,20,1
44,50,1,54,42,4,1
44,49,36,69,9,11,1
44,49,28,47,26,14,1
44,47,61,12,41,8,1
44,45,15,69,33,11,1
44,43,2,67,49,14,1
44,40,30,12,3,16,1
44,36,67,11,55,23,1
45,31,68,12,39,18,1
45,29,44,36,67,3,1
45,28,58,60,22,10,1
45,24,30,3,37,26,1
45,23,66,42,48,23,1
45,22,32,66,53,13,1
45,20,47,16,42,6,1
45,20,39,58,69,17,1
45,18,64,46,57,9,1
45,17,33,8,11,21,1
45,16,36,22,60,22,1
45,15,11,1,22,18,1
45,9,17,11,52,13,1
45,4,14,10,66,2,1
44,66,55,9,67,24,1
44,66,33,19,58,11,1
46,11,33,5,17,11,1
46,4,36,54,38,11,1
45,67,41,65,23,6,1
45,63,26,44,59,20,1
45,58,38,19,33,2,1
45,57,63,55,17,15,1
45,57,2,31,22,19,1
45,52,27,49,58,20,1
45,51,43,38,57,11,1
45,50,10,11,2,6,1
45,49,4,54,13,1,1
45,43,25,58,1,21,1
45,42,24,23,6,12,1
45,39,43,61,46,22,1
45,38,1,21,39,9,1
45,34,22,5,6,24,1
46,53,10,38,8,22,1
46,53,6,40,20,18,1
46,49,19,40,15,17,1
46,39,55,44,30,2,1
46,38,32,7,60,13,1
46,34,68,62,19,18,1
46,25,34,2,38,7,1
46,24,14,27,43,26,1
46,20,65,30,24,9,1
46,19,68,18,14,6,1
46,19,35,56,69,5,1
46,16,19,66,2,17,1
46,15,66,34,67,18,1
46,13,30,49,62,8,1
46,11,57,27,55,15,1
46,11,39,22,53,4,1
47,19,18,57,25,17,1
47,17,52,14,11,20,1
47,17,31,56,49,5,1
47,7,43,28,11,7,1
47,5,15,28,8,5,1
47,4,68,57,60,23,1
47,4,7,55,26,6,1
47,2,12,25,45,26,1
47,1,49,41,56,23,1
46,64,55,51,41,2,1
46,64,18,59,41,18,1
46,63,57,35,14,4,1
46,62,34,57,20,12,1
46,62,3,36,40,3,1
46,56,18,49,19,26,1
46,54,62,5,66,5,1
47,50,26,57,66,10,1
47,45,59,19,52,15,1
47,45,55,24,67,4,1
47,41,33,45,3,26,1
47,41,11,20,63,8,1
47,40,48,62,58,13,1
47,40,29,5,48,1,1
47,35,46,28,34,11,1
47,35,43,22,29,21,1
47,34,38,63,46,26,1
47,30,7,1,38,12,1
47,29,5,10,27,7,1
47,28,32,2,50,21,1
47,27,53,42,69,24,1
47,24,45,64,11,10,1
47,21,63,58,20,10,1
48,13,6,16,27,25,1
48,12,46,17,32,13,1
48,12,18,42,3,8,1
48,11,25,21,62,17,1
48,8,36,39,4,15,1
48,7,34,29,15,4,1
48,5,36,6,38,1,1
48,4,55,49,16,6,1
48,1,3,2,36,26,1
47,62,44,53,7,23,1
47,61,27,33,36,26,1
47,60,46,61,41,23,1
47,59,65,3,8,19,1
47,59,37,14,7,22,1
47,52,46,41,1,25,1
47,50,30,19,68,3,1
48,49,19,12,17,16,1
48,47,34,21,31,4,1
48,46,61,11,62,6,1
48,43,52,24,63,25,1
48,39,50,53,65,2,1
48,38,57,1,59,13,1
48,38,16,15,47,16,1
48,36,43,12,14,10,1
48,35,3,16,11,5,1
48,34,65,50,58,12,1
48,32,21,60,1,18,1
48,28,5,34,12,15,1
48,27,4,19,1,20,1
48,19,43,15,2,26,1
48,17,65,42,43,3,1
48,14,46,17,61,14,1
49,29,48,14,7,9,1
49,27,45,60,53,15,1
49,27,7,63,60,10,1
49,21,18,25,26,1,1
49,13,23,3,25,11,1
49,12,53,62,46,16,1
49,8,60,37,61,26,1
49,8,22,2,24,7,1
49,7,36,45,53,7,1
49,5,63,51,66,26,1
48,65,40,25,41,22,1
48,61,28,24,45,24,1
48,60,40,13,29,25,1
48,57,5,35,31,14,1
48,56,50,49,58,2,1
48,56,45,3,27,25,1
50,17,26,62,9,2,1
50,16,24,59,42,13,1
50,9,48,40,49,14,1
50,8,34,53,48,11,1
50,7,26,29,32,12,1
50,4,27,24,2,12,1
49,69,2,8,4,18,1
49,67,31,69,55,20,1
49,65,46,34,5,2,1
49,63,15,48,13,19,1
49,62,17,52,47,23,1
49,48,50,57,36,26,1
49,48,39,36,20,1,1
49,41,2,52,12,22,1
49,40,56,66,14,7,1
49,35,69,18,45,9,1
50,55,30,19,39,9,1
50,48,13,64,28,7,1
50,47,35,34,58,2,1
50,45,55,60,53,1,1
50,45,40,30,15,14,1
50,43,18,8,17,10,1
50,43,7,24,10,25,1
50,40,21,36,47,4,1
50,36,47,19,16,24,1
50,34,35,32,33,2,1
50,31,61,49,28,12,1
50,27,53,2,47,25,1
50,26,62,3,21,9,1
50,22,47,2,40,7,1
50,18,45,34,29,15,1
50,17,62,7,35,4,1
51,26,8,57,42,10,1
51,25,14,22,21,17,1
51,18,20,12,17,10,1
51,18,15,49,25,5,1
51,17,44,55,15,17,1
51,13,17,50,4,3,1
51,10,31,66,62,21,1
51,10,6,21,24,25,1
51,8,20,32,10,17,1
51,7,68,43,59,15,1
51,6,56,31,60,4,1
51,3,15,32,19,15,1
51,2,47,27,54,19,1
51,1,69,48,24,5,1
50,63,30,62,69,18,1
50,62,8,63,64,2,1
51,63,28,20,7,3,1
51,62,12,50,7,20,1
51,61,40,29,6,21,1
51,54,63,27,22,2,1
51,53,67,34,17,4,1
51,52,47,58,44,26,1
51,50,59,63,41,2,1
51,50,22,1,14,4,1
51,49,60,11,33,22,1
51,38,18,15,43,15,1
51,37,33,26,60,18,1
51,35,14,29,27,21,1
51,34,59,31,26,20,1
51,33,30,24,47,3,1
51,33,20,6,65,22,1
51,26,64,54,10,5,1
52,37,14,56,15,8,1
52,36,16,29,46,17,1
52,34,21,39,14,2,1
52,30,17,33,42,12,1
52,29,38,41,13,13,1
52,19,55,14,7,13,1
52,17,36,65,44,22,1
52,13,16,36,9,11,1
52,12,23,43,24,5,1
52,9,5,37,10,24,1
52,8,62,31,6,5,1
52,8,6,51,25,19,1
52,7,55,8,31,14,1
52,3,64,37,11,22,1
52,3,47,32,48,23,1
52,1,37,24,3,13,1
53,6,59,19,11,4,1
53,5,65,40,12,6,1
53,4,9,58,46,20,1
53,3,46,1,60,2,1
53,2,34,13,11,3,1
52,69,38,42,62,13,1
52,68,51,33,61,5,1
52,67,20,21,19,14,1
52,66,45,22,33,10,1
52,65,37,14,25,20,1
52,60,21,55,48,9,1
52,59,60,39,65,17,1
52,45,14,60,39,23,1
52,42,58,64,25,22,1
52,42,28,44,49,3,1
52,40,13,43,47,5,1
53,21,60,22,35,25,1
53,21,25,13,23,13,1
53,20,12,55,51,21,1
53,18,14,50,63,7,1
53,17,2,33,20,15,1
53,16,51,1,43,4,1
53,15,44,69,12,20,1
53,15,26,28,40,5,1
53,13,66,4,25,26,1
53,13,49,59,63,10,1
53,13,9,33,19,17,1
53,9,46,11,40,13,1
53,9,15,8,64,16,1
53,8,68,54,14,24,1
53,8,43,15,24,26,1
53,8,29,52,32,13,1
53,54,5,56,44,26,1
53,52,63,44,34,3,1
53,47,10,23,69,6,1
53,47,6,29,8,23,1
53,46,68,4,47,26,1
53,44,42,54,57,3,1
53,38,40,54,3,11,1
53,38,22,5,47,8,1
53,36,40,64,45,24,1
53,34,61,38,15,21,1
53,34,36,41,7,23,1
53,32,45,24,28,21,1
53,29,68,60,28,21,1
53,25,47,59,67,4,1
53,24,41,44,37,12,1
53,22,41,56,7,7,1
54,7,19,13,29,24,1
54,5,31,51,4,4,1
54,4,62,5,8,18,1
54,4,51,34,10,11,1
54,3,57,58,22,13,1
54,2,28,36,43,1,1
53,68,36,10,7,19,1
53,67,35,45,24,15,1
53,66,47,40,38,12,1
53,61,48,59,54,18,1
53,61,1,28,47,24,1
53,60,67,11,69,22,1
53,60,56,33,54,18,1
53,60,50,34,33,9,1
53,60,29,6,54,10,1
53,60,11,46,27,16,1
54,61,21,17,22,6,1
54,49,44,25,22,18,1
54,49,34,41,59,6,1
54,47,29,19,33,24,1
54,46,64,34,29,8,1
54,41,31,44,62,19,1
54,37,6,40,63,25,1
54,31,35,22,41,16,1
54,31,6,37,60,12,1
54,26,35,59,22,4,1
54,23,10,5,44,24,1
54,20,39,56,10,24,1
54,19,41,55,24,7,1
54,12,6,43,68,5,1
54,8,4,39,46,3,1
54,7,36,51,32,13,1
55,41,17,14,27,16,1
55,40,20,66,23,15,1
55,37,1,35,28,24,1
55,35,19,69,60,11,1
55,28,40,49,5,11,1
55,27,53,31,15,9,1
55,25,27,56,33,26,1
55,25,20,5,31,15,1
55,23,30,13,2,6,1
55,11,7,38,66,9,1
55,10,34,60,20,12,1
55,9,3,18,41,9,1
55,5,48,4,57,5,1
55,1,39,13,41,23,1
54,63,41,6,62,11,1
54,63,18,55,16,4,1
56,9,63,52,51,24,1
56,6,7,44,32,9,1
56,5,2,36,34,13,1
56,4,60,57,69,14,1
56,4,2,62,7,14,1
56,3,52,40,13,5,1
55,68,48,67,11,4,1
55,67,2,14,18,1,1
55,60,43,19,28,16,1
55,58,28,65,25,4,1
55,57,59,26,17,11,1
55,53,66,14,7,3,1
55,45,53,52,63,16,1
55,43,17,68,65,9,1
55,42,37,67,10,13,1
55,41,42,30,53,25,1
56,65,19,13,67,9,1
56,62,47,48,9,24,1
56,54,13,26,36,4,1
56,47,11,69,14,15,1
56,43,57,41,48,3,1
56,41,37,29,54,15,1
56,40,46,31,17,15,1
56,38,4,24,2,9,1
56,34,57,1,41,26,1
56,31,65,53,59,8,1
56,31,10,22,57,16,1
56,30,42,4,51,25,1
56,26,49,14,46,9,1
56,12,68,36,13,4,1
56,10,59,35,23,9,1
56,10,1,7,58,5,1
57,26,22,54,24,5,1
57,26,7,19,21,26,1
57,24,3,14,67,15,1
57,23,46,1,38,11,1
57,22,47,55,17,8,1
57,19,34,53,2,14,1
57,17,3,44,33,8,1
57,16,26,10,64,23,1
57,15,63,4,10,22,1
57,15,45,18,8,23,1
57,13,38,52,34,4,1
57,13,11,42,41,17,1
57,12,4,44,67,18,1
57,10,53,67,18,12,1
57,3,1,13,11,6,1
56,68,31,20,17,13,1
57,53,38,28,62,24,1
57,53,13,33,56,2,1
57,50,7,28,8,1,1
57,49,50,43,33,13,1
57,47,29,17,62,12,1
57,45,1,3,7,24,1
57,38,5,8,33,20,1
57,36,68,25,58,20,1
57,36,14,15,26,16,1
57,35,59,6,65,2,1
57,35,53,62,24,4,1
57,35,53,40,59,15,1
57,35,6,56,60,4,1
57,31,64,52,56,8,1
57,31,60,67,17,2,1
57,31,24,18,10,22,1
58,16,67,31,4,3,1
58,16,38,30,32,21,1
58,13,67,52,35,26,1
58,13,12,61,29,12,1
58,9,43,56,4,9,1
58,7,67,65,20,13,1
58,7,65,2,63,11,1
58,7,6,30,21,10,1
57,67,12,69,41,25,1
57,66,15,18,39,23,1
57,64,55,68,41,23,1
57,63,47,1,25,25,1
57,63,23,32,5,11,1
57,59,31,30,39,24,1
57,58,55,25,51,5,1
57,54,62,34,63,9,1
58,55,12,24,34,22,1
58,53,65,34,40,21,1
58,52,14,16,18,20,1
58,44,16,8,24,12,1
58,42,22,66,45,15,1
58,40,30,37,27,15,1
58,40,5,36,60,12,1
58,39,27,32,33,1,1
58,38,53,65,3,24,1
58,36,18,22,28,21,1
58,33,41,38,19,10,1
58,29,54,4,39,21,1
58,26,32,33,55,1,1
58,21,13,26,56,26,1
58,18,10,51,40,2,1
58,18,3,66,48,10,1
59,25,2,13,12,19,1
59,23,10,27,35,20,1
59,20,65,8,25,20,1
59,19,24,18,56,25,1
59,14,3,50,56,2,1
59,13,57,28,44,2,1
59,13,1,21,32,11,1
59,12,1,36,58,9,1
59,9,65,42,4,19,1
59,9,44,25,32,12,1
59,9,10,2,12,11,1
59,4,16,22,50,7,1
58,68,53,32,24,17,1
58,64,21,43,69,20,1
58,64,14,65,54,21,1
58,57,3,36,15,18,1
59,58,66,13,36,24,1
59,54,61,53,46,5,1
59,51,62,28,69,9,1
59,45,64,67,36,3,1
59,44,66,48,5,23,1
59,43,58,36,39,11,1
59,42,51,17,52,14,1
59,37,61,17,54,1,1
59,37,41,22,58,20,1
59,36,44,27,64,17,1
59,35,11,38,56,13,1
59,33,19,66,52,12,1
59,32,41,22,67,16,1
59,32,4,23,66,9,1
59,27,56,50,65,18,1
59,27,18,10,35,17,1
60,17,10,1,53,18,1
60,17,6,33,45,26,1
60,16,58,67,55,9,1
60,16,54,18,33,7,1
60,11,24,62,34,4,1
60,10,35,33,64,14,1
60,9,1,39,37,12,1
60,8,20,57,14,19,1
60,6,27,38,18,10,1
60,4,20,19,65,24,1
60,3,65,49,9,15,1
59,69,7,66,57,22,1
59,68,22,25,62,11,1
59,67,43,35,8,6,1
59,65,54,52,48,15,1
59,63,53,1,25,19,1
60,52,12,42,35,7,1
60,51,14,62,56,20,1
60,45,51,9,24,23,1
60,45,9,56,10,19,1
60,43,14,68,45,22,1
60,42,39,55,65,5,1
60,42,13,12,28,7,1
60,41,56,51,1,24,1
60,40,51,17,28,22,1
60,40,38,69,1,24,1
60,33,22,4,16,16,1
60,31,38,55,1,4,1
60,29,69,51,11,7,1
60,29,23,7,30,26,1
60,18,31,4,22,11,1
60,17,29,11,35,14,1
61,14,34,57,63,5,1
61,11,50,46,38,22,1
61,10,64,12,7,13,1
61,8,15,68,55,25,1
61,7,15,47,8,17,1
61,7,14,40,8,6,1
61,5,38,2,35,10,1
61,4,24,40,41,6,1
60,69,45,2,39,16,1
60,68,52,25,38,10,1
60,68,49,9,35,13,1
60,67,33,28,9,7,1
60,66,67,42,18,14,1
60,65,25,31,18,8,1
60,54,39,59,62,11,1
60,52,62,24,32,2,1
61,47,20,23,16,17,1
61,44,10,28,52,4,1
61,43,67,23,42,21,1
61,43,52,26,67,22,1
61,40,42,57,38,14,1
61,35,18,1,7,11,1
61,34,68,37,25,2,1
61,33,69,12,51,10,1
61,32,23,39,55,5,1
61,30,40,25,51,23,1
61,29,21,30,3,21,1
61,24,31,36,29,16,1
61,24,6,68,62,17,1
61,23,59,2,62,9,1
61,17,42,6,44,7,1
61,15,49,59,43,7,1
62,11,65,16,18,22,1
62,11,18,55,12,8,1
62,10,21,22,35,12,1
62,8,9,34,33,14,1
62,7,33,63,32,9,1
62,5,36,49,50,21,1
61,66,58,67,48,11,1
61,63,54,18,59,6,1
61,63,10,40,24,9,1
61,60,50,63,8,22,1
61,55,46,69,11,3,1
61,55,43,19,33,4,1
61,52,18,30,66,1,1
61,51,67,21,40,19,1
61,50,23,24,32,20,1
61,47,69,14,68,12,1
62,38,4,26,52,3,1
62,37,39,16,36,25,1
62,35,5,29,9,18,1
62,29,28,67,48,17,1
62,28,31,45,12,19,1
62,26,35,2,30,12,1
62,25,19,51,37,17,1
62,24,5,34,48,2,1
62,23,40,55,25,4,1
62,22,36,17,67,16,1
62,21,17,10,69,23,1
62,19,49,33,68,24,1
62,18,40,25,55,19,1
62,18,3,34,65,25,1
62,16,15,14,46,24,1
62,13,8,37,2,11,1
63,8,53,3,28,16,1
63,8,12,29,64,1,1
63,8,4,26,1,23,1
63,6,30,12,31,9,1
63,6,3,33,11,26,1
63,3,33,53,44,17,1
62,68,27,26,69,25,1
62,66,27,18,28,20,1
62,65,4,55,54,11,1
62,57,56,14,2,8,1
62,51,10,61,45,10,1
62,49,3,33,6,8,1
62,47,7,12,18,25,1
62,46,43,12,65,22,1
62,44,20,43,11,26,1
62,42,20,25,7,11,1
63,35,69,67,2,9,1
63,35,62,67,24,2,1
63,34,43,21,40,11,1
63,34,38,27,16,5,1
63,31,49,32,27,8,1
63,31,13,28,4,2,1
63,31,4,39,48,13,1
63,25,2,26,68,8,1
63,22,66,4,3,4,1
63,21,42,45,58,11,1
63,19,2,25,60,12,1
63,16,49,58,7,3,1
63,15,38,19,8,16,1
63,13,46,29,42,17,1
63,11,59,60,4,12,1
63,9,19,16,59,20,1
64,19,30,41,8,23,1
64,18,24,55,46,20,1
64,16,34,19,21,14,1
64,14,1,51,24,7,1
64,13,60,50,51,5,1
64,3,12,49,42,9,1
64,1,15,18,57,3,1
63,66,23,2,49,7,1
63,64,16,8,54,21,1
63,55,13,67,65,14,1
63,50,64,29,40,9,1
63,44,17,15,60,24,1
63,41,14,22,15,10,1
63,38,53,58,62,9,1
63,37,59,67,26,17,1
63,36,59,46,10,19,1
64,65,59,68,12,17,1
64,60,28,34,30,2,1
64,60,6,48,68,11,1
64,57,65,63,67,4,1
64,51,10,63,42,12,1
64,50,42,43,17,18,1
64,50,14,51,63,4,1
64,41,65,26,32,2,1
64,40,16,63,37,21,1
64,40,9,20,46,23,1
64,37,65,28,23,9,1
64,34,7,1,60,17,1
64,34,1,63,41,13,1
64,24,43,52,3,6,1
64,24,20,34,66,9,1
64,20,22,58,51,17,1
65,22,23,8,47,4,1
65,21,68,59,63,3,1
65,20,24,50,69,4,1
65,16,7,2,34,10,1
65,14,23,32,25,26,1
65,13,67,37,21,4,1
65,13,37,14,36,4,1
65,13,7,51,36,22,1
65,12,35,61,25,1,1
65,11,29,39,30,23,1
65,7,33,37,32,3,1
65,6,37,34,26,20,1
65,5,35,50,49,1,1
65,4,26,11,8,11,1
65,4,22,57,44,1,1
64,65,68,12,50,24,1
65,54,68,39,3,8,1
65,50,16,37,55,26,1
65,49,51,20,44,5,1
65,49,11,28,1,19,1
65,45,12,63,8,9,1
65,43,24,48,55,21,1
65,37,55,15,67,20,1
65,35,44,67,9,26,1
65,32,68,11,61,17,1
65,32,61,13,22,3,1
65,31,39,22,38,22,1
65,30,55,12,36,5,1
65,25,22,24,58,14,1
65,25,9,52,47,20,1
65,23,39,35,31,9,1
65,23,32,9,6,9,1
66,6,38,41,11,13,1
66,4,61,50,2,18,1
66,4,1,12,56,8,1
66,3,48,4,17,3,1
65,69,43,52,29,2,1
65,69,33,36,10,17,1
65,67,54,42,25,26,1
65,67,23,45,41,20,1
65,67,15,44,55,2,1
65,64,1,2,45,25,1
65,60,66,26,27,25,1
65,60,50,29,61,13,1
65,59,57,69,8,7,1
65,56,62,64,23,6,1
65,55,35,66,18,22,1
65,55,21,24,47,25,1
66,29,27,69,34,16,1
66,26,46,58,50,1,1
66,26,10,17,50,22,1
66,22,31,17,41,7,1
66,22,27,42,69,3,1
66,20,50,41,23,24,1
66,20,43,34,23,2,1
66,19,9,34,47,14,1
66,18,12,30,13,4,1
66,17,37,18,60,6,1
66,17,3,68,47,15,1
66,14,27,39,22,13,1
66,13,24,45,1,3,1
66,12,45,68,38,5,1
66,9,69,18,13,26,1
66,9,61,39,15,18,1
66,61,54,9,43,17,1
66,61,4,9,22,5,1
66,56,63,47,35,1,1
66,56,4,49,68,26,1
66,54,11,23,26,14,1
66,52,65,30,14,10,1
66,51,52,59,46,26,1
66,50,18,32,65,12,1
66,47,68,1,26,25,1
66,44,61,58,43,26,1
66,44,32,21,4,4,1
66,43,59,3,24,25,1
66,42,43,57,14,6,1
66,42,31,37,12,19,1
66,41,16,18,52,13,1
66,38,21,52,68,2,1
67,37,17,29,42,8,1
67,37,12,16,59,11,1
67,35,17,22,66,3,1
67,32,31,22,36,7,1
67,22,25,49,20,23,1
67,20,51,35,34,14,1
67,19,18,11,8,11,1
67,16,27,1,34,7,1
67,9,31,51,65,8,1
67,9,13,26,37,8,1
67,6,58,44,8,22,1
67,5,53,54,25,22,1
67,3,66,65,43,18,1
66,67,42,4,31,4,1
66,64,14,31,53,9,1
66,63,26,34,43,1,1
68,7,42,49,66,9,1
68,3,66,33,38,2,1
67,66,30,68,18,9,1
67,66,20,60,14,19,1
67,58,56,60,8,10,1
67,57,13,9,45,10,1
67,54,27,50,16,10,1
67,51,30,60,25,16,1
67,46,63,59,13,23,1
67,46,32,44,28,22,1
67,44,58,8,47,2,1
67,43,3,46,23,25,1
67,42,31,61,60,6,1
67,42,16,55,8,9,1
67,40,36,12,60,14,1
67,38,61,52,68,5,1
68,37,20,54,8,2,1
68,25,30,26,39,14,1
68,22,53,25,55,23,1
68,21,32,29,42,14,1
68,21,22,62,36,2,1
68,20,5,21,43,3,1
68,18,44,34,29,2,1
68,17,28,47,45,2,1
68,16,53,9,7,21,1
68,16,9,14,53,17,1
68,15,65,61,28,16,1
68,15,19,60,12,5,1
68,15,3,4,61,23,1
68,13,58,35,37,26,1
68,11,15,23,27,14,1
68,10,43,33,36,22,1
69,68,60,18,43,24,1
69,66,25,3,45,9,1
69,65,48,13,47,19,1
69,56,63,47,29,21,1
69,55,16,5,31,11,1
69,50,64,43,45,17,1
69,46,39,57,31,13,1
69,43,47,53,52,10,1
69,41,38,64,36,21,1
69,39,23,56,32,22,1
69,35,42,59,34,8,1
69,35,33,23,37,5,1
69,34,3,48,23,11,1
69,31,22,62,45,23,1
69,30,49,2,38,1,1
69,24,67,13,58,23,1
1,53,37,56,41,3,1
1,53,20,3,14,23,1
1,47,35,69,25,2,1
1,44,43,11,62,12,1
1,42,16,29,39,5,1
1,42,16,8,52,21,1
1,38,41,53,31,4,1
1,38,11,25,34,8,1
1,36,53,59,43,17,1
1,32,33,36,23,13,1
1,30,68,57,52,8,1
1,27,40,28,50,9,1
1,11,38,64,12,22,1
1,9,48,61,43,17,1
1,7,40,61,11,4,1
1,3,35,52,29,1,1
